heart_rate_bpm,num_beats,sdnn_ms,rmssd_ms,mean_r_amplitude,std_r_amplitude,signal_std,label
90.7126575668757,8,99.03001380601623,92.25498696544668,0.8293392213172707,0.1453515895821263,0.37377666208741206,AFib
67.39670819433468,8,47.892991960488686,22.93814107259094,1.0951767736837068,0.10876954078469989,0.29687143765043417,Normal
74.22965588641057,6,58.18359468921931,42.336095510701846,1.2389838672463391,0.17978171943659438,0.5820256581494239,PVC
71.50391682515694,8,47.64951340660817,40.77621138090476,1.0257963687182299,0.09103130522234537,0.5192187335650255,Normal
130.7531028155363,6,138.4197662088467,135.71964893505537,0.78905586030639,0.07744279092879985,0.551176203952173,AFib
114.51551910667645,5,91.59008840559791,118.52010854755595,0.802796456595326,0.13903996719901746,0.2718592700469691,AFib
57.81989705548413,5,63.76614418451935,26.918916826398117,0.683309483045833,0.18665379692463607,0.4392349269809769,Other
84.86820087652089,7,30.140864285776413,36.94541341990575,0.954001594638433,0.19432828176761574,0.2995012574079832,Normal
123.95677918019037,5,131.87309617934625,118.83274880206869,0.9213643851751904,0.0649862110595091,0.3454641764417664,AFib
81.11999043780972,5,53.77156658795755,54.20972435897566,1.426090016286549,0.17016123203829572,0.21647191653124867,PVC
69.35834986438806,8,41.946631866482754,25.246093724378053,0.9372386011760673,0.16093261925739316,0.3961835234470268,Normal
67.13167685678664,5,54.235566185634724,63.36057285401313,1.3310360360173394,0.061736914953570324,0.3485147777129997,PVC
122.11962414799453,5,35.162434407260875,84.7909930621545,1.0153006512228386,0.12532252557499116,0.3071672749563043,Other
60.09995527079954,8,73.62563632801911,37.09152712861379,1.2401084829379418,0.19411497101676511,0.4562258374084874,PVC
69.02982475617512,8,59.5621725304187,35.596413011764014,1.0457667172229597,0.17801740000234362,0.34250127101515976,APB
68.64321762467135,7,44.170861381900366,45.82874461679123,0.8055044947216626,0.17869678685016815,0.381321620950703,APB
78.4374821876761,5,36.145290997068535,49.28820623092988,0.8868903531842889,0.08639097715741122,0.24797103321983838,Other
64.78278436082252,7,58.328490390344484,61.509229453760405,1.1814483728308929,0.07787251223389936,0.24189444267251733,PVC
87.58522220717462,5,51.31367278513475,24.4251445391874,0.9967036254854917,0.10384929175094482,0.5748468167762071,Normal
80.53560423107794,6,51.234379785289704,68.17376604890563,1.3914234919797948,0.16876421317705564,0.24326620979053507,PVC
90.8440854355396,5,52.64605331236506,54.48410046903779,0.9248653722766437,0.152943659055662,0.44083020887791924,APB
87.0782896149378,7,41.052853411363664,60.160762034499854,1.4302723284077798,0.12685237184833972,0.38320838523552114,PVC
146.60173194691075,7,135.04911051071414,110.60255579031323,0.9017513926948234,0.1461686489881362,0.4481684418563484,AFib
132.1307583166896,7,149.26442052539727,91.04792281655881,0.9386008676164012,0.09568573261729452,0.20547536439363667,AFib
56.212570153861314,5,43.019705769294475,37.00266868920056,0.6082695460200258,0.177782589369811,0.5103259391051276,Other
75.54043196140468,7,60.55681535264968,44.79086494378129,1.006670757961474,0.16393044637191995,0.39716869999882287,APB
93.42089592477323,5,71.9581265603272,37.72974862565386,1.4219742288636508,0.0853955577862355,0.26123875873428914,PVC
85.76622099954363,5,68.47481803573288,36.88067415738074,1.2584890978646976,0.17328558626118037,0.4802114491271451,PVC
69.08824525069241,6,47.97789929203594,44.79412088172315,0.823621819785596,0.17540263741590667,0.4584724102393309,APB
75.59857123712514,6,50.81869232803643,22.272143300810235,0.9455519003075722,0.14349420095301962,0.5547843124869669,Normal
68.7906085352339,6,55.46830665938755,35.44691729793809,0.9026473715517799,0.07222112914222475,0.5927317559273013,Normal
77.22650501089629,7,44.05136987858968,51.9225230434386,1.225478021608927,0.09525523619594799,0.5447291967902383,PVC
82.2012077596001,8,62.9010296078054,26.218386029078303,1.15051185192134,0.1718547554075739,0.5287582266646141,Other
79.59324976396195,5,37.598748076193466,31.657769321407656,0.9488851184003206,0.06655627117464577,0.46253183578610935,Normal
70.01269777617111,8,25.715910239367314,55.21360638840769,0.7013620796137661,0.1244164484902711,0.4905795539429359,Other
57.14118480829272,6,47.264895785827534,38.927851053990096,1.1773338563067657,0.1259797523933936,0.45178449080366084,PVC
81.688588271467,7,71.9231607902399,54.28478895649202,1.492186583536252,0.056826607094388734,0.27919311997591795,PVC
98.73120999923663,8,46.031378478598576,33.927561242535404,0.8382019088624714,0.19804887366002893,0.33096456162107296,APB
92.48769307740423,5,113.62074716787004,131.73554001366514,0.7832708051589007,0.18923125914940647,0.2672893018330281,AFib
102.24407133998483,6,137.6514037533526,68.28377554558178,0.931493436992206,0.0698992933268798,0.2148844145235206,AFib
87.26531155238214,6,54.46571456305706,23.9853615862239,1.0257796878123402,0.05940694280350186,0.3696129007559368,Normal
50.28085568356201,5,35.604400014777646,78.53528604061876,1.1326582117717772,0.1452346497619225,0.2082941412632704,Other
75.57725489576038,8,55.31637287341859,42.33591172785563,0.882681241373659,0.09144036620181345,0.304219055346273,APB
127.17231942680574,7,59.394177820586435,27.020282152813245,0.8372796806478653,0.0707771463584992,0.2786587298098219,Other
66.44712303107949,7,50.905980890357064,53.54232443849223,1.0275989614412337,0.09553232759805608,0.3319843535076784,APB
86.7531900234624,7,58.90988281503088,29.58603797064444,1.058345007616533,0.13520668416408987,0.5702386553170644,Normal
82.65352132446388,6,51.72952443477711,34.53618541897562,0.9535437505909604,0.07988422196362688,0.4626420398839526,APB
147.6854057114596,5,141.99679157385887,64.5832030839921,0.8670158325924765,0.06795277950834605,0.5126452400733557,AFib
90.96473332372078,8,158.05880266007085,70.60247819922907,0.9554268029776718,0.1907113672567048,0.5093594156341155,AFib
94.36067178426507,7,34.981322100823824,39.420164934957114,1.1719373350766593,0.12793749384729575,0.5777450977156047,Other
79.64731962463838,5,55.370927009692736,59.61924607315157,1.2412299842086436,0.09690347652290528,0.5537296905556539,PVC
123.5315053817077,5,155.61797772643104,131.85830408128032,0.8269095948793659,0.11068134303205727,0.4143613330565123,AFib
149.463967428783,6,127.7441614163857,114.04260786156456,0.7564023915331225,0.07446982294593418,0.5370755049041722,AFib
95.51889386525512,8,48.44846440683337,25.430474432210502,0.9528713309791175,0.17258728760607678,0.44689517864725914,APB
92.73629353023337,5,32.9185302546799,79.00892602732849,1.0303706553574457,0.1461880790962551,0.5568792844370141,Other
104.08605034365472,5,115.8562178993237,97.76618077989292,0.703401033260554,0.1436450085924018,0.5971280431190469,AFib
85.19604416550273,5,75.40087404847225,38.5088110426547,1.4035938219009367,0.19505823771158298,0.44602320825403846,PVC
152.99597758410636,7,107.04822599356724,108.82676821262345,0.7365798962259688,0.09080605089371127,0.5826126361484669,AFib
104.69439930608439,6,135.9991011701489,106.37522477961879,0.7823784099460858,0.149172314837212,0.2508344561959588,AFib
91.41743626187976,5,51.076489438283346,45.02901404375402,1.0051155402098435,0.09888859097322489,0.48334410681463874,APB
87.48638131062242,7,99.65661456644138,81.3110201321059,0.9505434154682983,0.09718279988781292,0.32134244176539445,Other
89.93886753986021,8,40.865671768181684,31.76622373034774,0.9756490349846924,0.07619875780925087,0.33119520036323186,Normal
61.39777399811612,7,43.12868159443542,65.93867495276324,1.1911811833179944,0.12844769979185355,0.24384360490799578,Other
109.0394783571038,5,75.14369624875485,20.589756297980934,0.809060203995907,0.05907815311741624,0.21515503831605512,Other
87.81635422119354,8,30.868576470808815,42.39228228025509,0.9785137576924302,0.15361771642347943,0.5949395028295872,Normal
94.22578845520214,6,54.536933124042584,86.29491399256752,0.6641296955731271,0.10195916535240267,0.5414010471473523,Other
86.11586794217995,6,47.87091082753839,59.08623105878758,0.8832730718985131,0.08989599575668432,0.32521818887460324,Other
153.3078033979322,7,103.59034137129737,84.709131653519,0.8881549703643523,0.07938034385882098,0.25789089953703176,AFib
68.77923440112009,8,52.02617349848942,38.712334294666036,0.8595560861749401,0.11067877153902192,0.4965597964828686,Other
71.18037209462986,6,45.916116436883456,43.052786544179824,0.91789890900658,0.05364697995652367,0.33704439373663614,Normal
148.0884733574876,6,155.3345866725026,91.61470614294305,0.971239315359534,0.09868999986909367,0.5982930688780383,AFib
56.97141036294234,5,77.33823564594873,43.84988572118914,1.4031296430763562,0.08813601337693996,0.49964024265988793,PVC
79.2113055886469,5,48.63158894299814,54.28820190217354,1.0360649550257093,0.18238789605983702,0.23208266493203145,APB
105.82911854933695,6,55.84502856975149,86.14792200107134,1.237536597321828,0.10665738950884938,0.5672686925350585,Other
84.31187130982445,8,54.85057037524244,24.40530103488505,0.7196948521778604,0.11864481535012135,0.3889820356099212,Other
148.10020628720966,7,154.62449459857777,84.66707475729861,0.7877926149221308,0.07061216396004859,0.33988487389122296,AFib
67.10170283398895,6,93.32933940080207,64.63402842823538,0.7985334018716802,0.07557188199185275,0.5207482013757827,Other
84.37076503844602,7,57.26027912171379,51.91437615345836,0.895008644005922,0.1541916355124573,0.2173082705768785,APB
80.20154661993283,8,43.35406886208098,25.15155610015262,0.846575879166589,0.1800929115682035,0.30660185549956853,APB
72.94950859147633,6,43.7499840026901,48.29001044978338,0.8683374269481479,0.12178637877227748,0.4300444465879937,APB
85.35879451017516,8,48.63002726484545,38.41968661767176,1.0051835655241017,0.12219604491048229,0.4749407181789095,APB
70.18954509619972,5,20.653021395728743,23.972605518331378,0.8242059609737661,0.13550057337183324,0.4139799269979362,Other
60.57579594928001,7,39.04724450023648,36.50433843731713,0.9580155214420889,0.11431530514186493,0.25418962568898007,Normal
87.64603009065473,6,76.45803501403049,44.671800345796726,1.24780941605586,0.13406758830646703,0.4672872918171084,PVC
93.02661779701472,7,46.32290555646182,45.107168243308294,0.9179160165512373,0.15864964688536687,0.27662840539458694,APB
82.40770909126513,6,42.03148857513719,42.7827873562883,0.9983148265136006,0.1552214486600892,0.37114367199227494,APB
109.92291975701063,8,72.10475510490366,19.70523834884345,0.8922823539078035,0.11117404889661156,0.4974522246616822,Other
79.36710733368011,7,31.060873072664727,30.76006098770153,1.0020033704636502,0.1522088765905757,0.31103843909270645,Normal
124.81266554520221,7,70.94197417824536,86.78536668354099,0.7333112680256236,0.15282604780675868,0.4859905318504627,Other
92.81085154238893,6,140.20584964133917,96.62950282741154,0.9506378183430892,0.059837314350560444,0.2906182129183388,AFib
82.10559485042356,5,32.93029102343172,32.87305504841921,1.0876824043388773,0.15157117161671363,0.437152108312463,Normal
100.81777343329937,6,134.75352358012717,93.31730959179568,0.9507893708286941,0.15694950445324785,0.42646400681338326,AFib
111.26541135999261,7,97.16053481300258,66.27891493922075,0.8877132719557776,0.08522726161292693,0.22204981023334508,AFib
69.36388350921185,5,75.50803342909279,57.35132121744945,1.2719987121882852,0.16551921862873736,0.4008422322896452,PVC
89.29378395040187,7,44.059536049431046,44.41902720475843,1.0209691039490092,0.055878168838148105,0.31312278503056384,Normal
80.98725180674253,5,59.03896699812681,44.860019741191984,0.990364336533952,0.09391910471607784,0.2609418822750922,Normal
152.94803988867687,7,98.58737628828862,67.65613566473118,0.9035914356086295,0.1352579040231438,0.3050146180312624,AFib
77.81411425260106,7,61.77919409141964,27.533149792718437,0.8413708070849033,0.14341834911563378,0.5352908177815718,APB
62.13108174593661,8,32.61387899104622,20.505459936008144,1.0665239691095878,0.18050182223702288,0.5914473368931056,Normal
68.56894943844793,6,41.37477272911725,28.78529661780927,1.0006879999196139,0.07903461640541508,0.5730563724080471,Other
82.67897035162085,5,49.36317910453124,32.31822456600674,0.9805376914250261,0.1985679964042228,0.5381494148428816,APB
92.76129865712397,5,41.46765671477652,40.15900358796272,1.4025148926004463,0.12741855511116396,0.2879443106566428,PVC
72.16734766775484,8,36.60988718874767,42.6246557419517,0.9931510359082006,0.05454326152338602,0.36277856010863574,APB
74.82473067009468,8,49.1443915015184,49.525263966903864,0.9131287386921745,0.13124495162822347,0.2099782519245774,APB
75.7570271454866,5,74.80399161177687,56.28600549868728,1.2396349367950703,0.11197021576741473,0.40912971316953906,PVC
113.49814449237459,5,134.3772552764456,62.61385373655463,0.8181364730116932,0.1724518302717673,0.27478687220646575,AFib
66.89973674344158,7,62.36232202019284,63.00341591418931,1.066390982661019,0.07844209540076841,0.2833242346153292,Other
104.50415041617248,8,155.7935614871812,129.17126707654546,0.8848162148311657,0.08145382170822327,0.5496115291453744,AFib
77.33424920032837,5,61.82517545878916,30.431250145627754,0.9909367167970536,0.1194141844204012,0.20220417609421037,APB
53.39753581651646,7,49.53447552793834,65.39048784908044,0.697095955674574,0.13082587532687628,0.5637420449857116,Other
76.9080932010931,5,42.1511230319261,40.31201832697084,0.872912315379097,0.18195836124495113,0.26230503062936694,APB
71.10936196981586,7,60.24078657760648,51.632805280839925,0.8251078080149422,0.07013513072221489,0.522059653085774,Other
121.5287105914773,5,92.42905362581338,24.397273729012078,1.2024738771510823,0.06385239130103183,0.5864883249458002,Other
60.61758085484212,6,68.51569210795626,64.06667207923358,1.1231637107585042,0.05570670223025869,0.5826176418752969,PVC
68.71706536666981,6,62.3463890668815,36.06547581742186,0.9185006463554781,0.06746784216386623,0.2991185822900755,APB
134.30419785936056,7,118.13150220342547,137.71142573883265,0.7138679201412568,0.1864336852681739,0.29462568444529,AFib
73.62273453143331,8,92.62605159610872,48.888512363819295,0.6702361338809794,0.19481808436261822,0.33853106003433797,Other
78.2755577053828,8,45.05470101322414,65.68872171402208,1.4043170514667207,0.0946584421333432,0.29080710871842314,PVC
72.05140606138796,6,37.45240395248913,32.64665959563271,0.9620761651959623,0.12874556633813966,0.500238009171595,Normal
61.33836903762342,6,53.99387653711854,21.923911174665818,1.0037670297663053,0.13663144232470634,0.58377333633337,Normal
93.81501311348866,8,47.01102078252361,42.06882499484711,1.377489335468891,0.12358235821908993,0.44387458605884855,PVC
82.3799418609627,7,56.693325682503826,48.407322584731936,1.2572489660893669,0.1822350905108744,0.5716264629075072,PVC
93.34129376980259,8,48.30050936269474,62.59639354585545,1.2093394946159484,0.07483184191943833,0.46638396747762273,PVC
86.01648651341331,7,46.44566621212497,51.02742554024941,0.8782747204339976,0.11398570995517918,0.5505047753001252,APB
66.60476242857983,7,48.91684023977952,45.519388340994254,0.934592109617254,0.08371659925889971,0.5390957326381391,APB
124.68603267340873,8,141.9242340675628,74.04619834036966,0.7457683428105885,0.15419699770608447,0.49462934521688867,AFib
68.76442580377646,8,37.2248633974634,22.507348556637446,0.9032859259182948,0.15048748198863654,0.514061164809255,Normal
96.42697430201096,6,49.753521069067304,28.933486869014367,0.8621063689934019,0.06853200273978641,0.38521775260851654,APB
67.78267693036065,6,41.21439413797684,34.68999087990973,0.9545643804848934,0.07955814202784595,0.3839423535024029,Normal
114.25897965425875,7,121.26834383212677,114.79503493653671,0.8698071331345909,0.10704724056687358,0.5448790520740967,AFib
76.97674333199264,8,68.18574795306408,67.30200017213699,1.34681408425645,0.15518852711685913,0.22733455097553903,PVC
91.49954222331729,5,64.58987189004766,40.789648358539935,0.917683038738808,0.15503056531024045,0.5433910274407416,APB
99.33516450433193,7,39.39252033255882,85.6624861533868,0.8271270368689541,0.06942640644292894,0.39174882230341124,Other
78.66693176519385,7,38.37203844685795,25.243748741390878,0.9231406466654187,0.15429050088570292,0.46878285623832894,Normal
89.06915114011055,5,57.148450366497805,27.41390662660075,1.0984022486828948,0.06588592323233483,0.5803810444221575,Normal
139.56335746918867,8,102.39775913933633,105.2193796287233,0.8871079120786478,0.07866518009227508,0.31366882290813536,AFib
86.46124230689668,8,43.758118853057574,38.104190915288584,0.9798050643406204,0.15350375302868413,0.47984882170020665,Normal
66.19384662984355,8,54.93503152002936,51.03061526030494,0.8843926340315075,0.0675579648726548,0.2951842727669905,APB
65.91472034616677,8,24.502683770693736,16.26628383217544,0.7714403121363367,0.05844665070185408,0.5938196937271398,Other
120.32853764503453,5,99.49697808852144,70.88346739028049,0.7826995983759657,0.16014443038766746,0.48679002919261843,AFib
65.38400933990478,5,42.40311857253032,42.34511658545497,1.1529222699412252,0.15282007188696756,0.2197998977044271,PVC
147.67175467921905,8,99.87443100430467,67.17303408890584,0.985057740464776,0.1061742349197769,0.3842709044570244,AFib
83.84173633729958,6,51.9188105662772,59.82318173827767,1.3927721110726143,0.1063382843692189,0.34364260306132005,PVC
113.196011357892,7,98.55312347313355,90.2152656325132,0.7609261511550023,0.1739777948741166,0.45857555695889923,AFib
126.32746784866998,5,84.20572113635112,114.56430722894073,0.780666415029363,0.17454555289624923,0.27916304116572965,AFib
66.46194613029715,7,55.75012915902788,40.07233428903336,0.9318292473884486,0.067349280785752,0.49115526334780457,Normal
70.09075730663041,5,77.04106026513922,63.632702881085144,1.3457385199918523,0.05663779569729044,0.3725031387367592,PVC
55.65011154709479,6,65.71213501234048,50.500555861777435,1.4592351020507934,0.12112772183954328,0.40590684161407453,PVC
116.9828738631445,5,99.34004127275492,75.02162376872701,0.8214039494458788,0.10244590506789063,0.3739494517466412,AFib
76.29344283589289,7,44.598085985484595,48.77704110430464,1.250219742033817,0.15019656086903269,0.5363320969648999,PVC
74.26213418512823,5,44.38732248451834,46.259416646226775,1.2706375638395517,0.1082499749711679,0.2376489744342068,PVC
72.15106839890849,7,42.161207485456686,28.026074751080422,0.9059900649809499,0.06646766870937511,0.44252325321803404,Normal
97.33279882017419,5,84.55251620830656,118.28461948273336,0.8965813741968304,0.08322208106724556,0.4818728124466998,AFib
77.09756235966532,8,51.837993343557116,67.52520850494241,1.2063622509347165,0.19776630190056982,0.5133586582059223,PVC
132.98004558965053,5,91.37383045705867,90.19016905358376,0.9629908240014733,0.05718543304956778,0.2764605907560701,AFib
98.77953166408878,6,128.83697216668475,79.2281528335632,0.8010164027381641,0.06742921943514195,0.585237442177982,AFib
83.93133068598435,6,38.76465491709231,35.72558822322784,1.020456690568071,0.14487634614323752,0.4058502144034525,APB
135.52742235562053,5,89.61733337502879,125.71522376792853,0.8294613163544752,0.13997368749890338,0.2912184392659676,AFib
75.10037587879219,7,41.134517369203,54.57369050118676,1.449713109980492,0.14344524844674567,0.5823847002833005,PVC
80.77594770233299,7,51.75762839458922,32.53310954816756,1.0912167269446449,0.11357825728372696,0.4425572856511697,Normal
55.24813658837464,7,40.37137802023708,53.623234321021,1.4771117638244773,0.15714497694406157,0.39754619476821484,PVC
78.5039789409886,7,50.94703166727196,44.3541560071498,1.0352375824695346,0.14215512676524716,0.2271423270815102,APB
127.9754090003565,7,101.08621139601752,111.9415460789742,0.8663286182177234,0.10312090476832414,0.4184055558610693,AFib
73.20924657234607,7,45.114473409948545,30.707815267699974,1.047634798480297,0.15992226860550435,0.2392999653808147,APB
67.37111771926386,7,58.517164318551025,54.08747116936754,1.0356089051468682,0.06853906302218235,0.43043070633618163,APB
120.20901180693517,8,26.248939668306335,36.961843197786614,1.064831761625183,0.0981894105023813,0.46082740070766715,Other
98.84345817883566,5,47.43314075685563,35.66139445183154,0.8109656074415956,0.0855784448077514,0.2734017868285354,APB
81.6154976463323,7,55.87239556690621,79.21343821753545,0.7885735812411442,0.17686558352575787,0.5228602507807831,Other
124.26480468637426,6,142.35127651202242,122.30650012454299,0.9927411061961773,0.10879839902153916,0.2007277979122117,AFib
67.36101629558534,7,42.61618400040295,33.93421978309792,1.0721102347657587,0.0905491857858072,0.25259311971645104,Normal
75.96971829572196,6,40.72550012492462,52.05770897887953,1.0145995335116715,0.10508771188402558,0.5756313426188394,APB
75.51925551606867,7,42.72266965307548,33.86719521653548,0.957410303983926,0.11222853040003461,0.3442182241943569,Normal
81.90508557029847,5,73.13921962071406,64.84411520097943,1.1131103605173454,0.10086418827161046,0.27549288438375436,PVC
100.64985982927666,8,126.14006265009317,77.05251734016858,0.8347702854432362,0.09538946409514791,0.4743889559700925,AFib
92.75600335182891,7,59.79291215944936,53.61761400111183,0.8972126572108019,0.15403876111934056,0.4693833934162523,APB
87.651572006125,8,54.15791566737525,38.09853496253315,1.0118347564203405,0.12385421100363263,0.5495328713338872,Normal
92.93187006633053,6,51.70283387790404,43.609671208480535,1.3332551913895287,0.12100785883914426,0.5336705026224948,PVC
93.85105543269304,5,106.04221071380886,91.24664743465033,0.7280152292946471,0.08743126211642616,0.29098808328347553,AFib
85.97836405699431,7,43.239644105412324,32.16026122221663,0.9896738357795996,0.14317538710505823,0.3992718263051773,Normal
95.71664320847418,8,53.71603701731833,25.51089526337854,0.8944941184957191,0.15219955381103523,0.26439514452536766,APB
69.1378522655545,8,82.29911228056976,16.851817519022198,0.7284360759527698,0.13046398341512716,0.45844301350008215,Other
73.66100151286405,5,44.4507373134397,40.0203106397847,0.8180200393403793,0.11316661383321214,0.30448758108136864,APB
66.7324083576252,6,58.610270892819386,34.557993326301386,0.9214945135537609,0.11850554387907264,0.20838002770709219,Normal
83.81777539920725,5,23.41911944166446,61.15745047392433,0.8545917960788321,0.12084199715978039,0.2366675603488253,Other
87.5844784123402,8,51.42723898647334,44.971175164196666,0.9298896609315987,0.07437394020145623,0.4462238257135377,Normal
103.86423348206982,8,138.71986718503277,90.85820298883252,0.7697698573494143,0.11025507147802946,0.2463480661042191,AFib
123.93296235936847,7,96.77383451595497,22.41229474853432,1.1147897180084025,0.1446452998106237,0.21313733828148293,Other
71.88179108421882,6,46.96263935575527,24.581995905351967,0.9289695518686755,0.10334191067749335,0.5761727781011252,Normal
139.40462960891045,5,129.71421498811713,137.1905663471762,0.8939367734097168,0.07418273199387772,0.23722685603113286,AFib
62.900764273843414,8,61.13260508229402,58.509145016379875,1.2881285129344164,0.086043848004525,0.5052560921019171,PVC
61.53986585967003,8,35.90502369589393,20.943494251744696,0.9273599474033701,0.06358266250777836,0.46349019900606725,Other
88.46583062161523,7,30.08109641680508,36.1799163473509,1.020078447419528,0.19441554797603638,0.2067486693480159,Normal
79.10179556561626,7,51.75569292296734,25.511221541434082,0.9397617021589869,0.16908625746481404,0.36941992672615886,APB
119.59310851215432,5,88.38195233993508,72.64183890330239,0.726042584843095,0.17786665797466183,0.20980905970517316,AFib
72.22305541501683,5,39.82729387379268,52.13455078602699,0.8717550553352461,0.19999460278139036,0.32367673111116235,APB
70.08306799199661,6,56.420343691412384,43.625669423509784,1.098378065830926,0.19492211684407573,0.5167518278523605,Normal
145.24289589495316,7,80.77946121901081,108.99418271915201,0.7347645276026998,0.17552114532173735,0.291393186590774,AFib
61.98448386350864,7,31.96814601629777,41.406904490569545,0.9324240521417667,0.16601833166735458,0.3825638261356267,Normal
78.74656310665655,6,35.87812820303132,38.04865657080634,1.0270682716038535,0.09983733746641206,0.5958100331780108,APB
87.1190151345535,5,70.6986305233977,53.08915641333398,1.4931705911983422,0.18494775549915038,0.24658530166476647,PVC
123.75840949743287,5,82.71931322999126,46.52653570779067,1.019940160128081,0.11196954915785434,0.3603759860451109,Other
76.35911694515184,6,77.76810871655769,48.88135392441227,1.1426729787210854,0.09441916601220401,0.39736278491567123,PVC
86.65126208929975,7,68.84792451723612,51.803773250081434,1.3575456146890388,0.17172777059328248,0.39043359438729275,PVC
156.77409951699264,8,109.88302457220675,116.64089920554645,0.7227412789358167,0.06443850869364681,0.34917003850463785,AFib
111.17196185862174,6,98.9572014648931,128.20980865704604,0.9728061074757952,0.14489713050639014,0.27037505373378445,AFib
73.88708334462162,7,37.36407080928381,47.45967162949419,0.9032241542270805,0.05395839975700267,0.5808439165589607,APB
52.107084731268586,5,94.17203501178588,22.42167384434383,0.9365806530649893,0.10529251594487364,0.4568082067077947,Other
56.69456188365773,5,49.109639733891456,50.63776621291784,1.4347961461154735,0.1240917883493302,0.5718474957787018,PVC
85.47706045798397,5,75.63057385800373,63.214345300415545,1.1429204126062018,0.07875861648827685,0.3081909363786493,PVC
93.22273575921683,7,52.66200840108347,63.93818446291765,1.1415963351884932,0.16265484493023785,0.26239117121378264,PVC
90.3231038927654,7,78.66300427696656,62.11616649673745,1.4976932332883048,0.055569440583717176,0.20570060606011836,PVC
87.77050345899086,8,24.08104264575572,45.62722523711571,0.6208936367259523,0.16432756999918624,0.3357169318305157,Other
99.86351541054333,6,41.96629265490777,35.60271109744507,0.8657227942526278,0.0651206775341931,0.3439239068964189,APB
68.32886118884196,7,47.60353039374506,41.596390148080786,0.9235063711924066,0.069810215951773,0.4867438724770375,Normal
62.54504167142468,7,62.6944861198639,52.03004726029728,1.0138623626930463,0.1791529162721896,0.2919868986946628,Other
85.47678536483544,7,64.02201805236963,53.84818346819986,0.9625500839583994,0.11990326157390742,0.556151424446313,APB
103.3064618316603,6,21.130156403226408,54.952061504808945,1.2197348863236723,0.11189055268390895,0.3813241018425921,Other
65.65481566436387,5,54.74395679774302,42.674778482107364,1.4156151565847461,0.17600250466029171,0.46463105929193355,PVC
114.06244871239427,8,92.72107814189101,82.83141311636862,0.829521753652922,0.05865004944680967,0.44656107737286693,Other
65.14021649583755,7,79.41158815630789,17.81727096665559,1.2204557296659397,0.11336656809059142,0.30620308885360803,Other
79.70627930276973,7,41.71624761610233,59.52994773067082,1.4653137363541924,0.10313372327408943,0.24811093799178785,PVC
56.777735530382245,8,45.833646634834025,56.0064548393504,1.190000637870865,0.0990413374661286,0.24193368290130035,PVC
97.99938061738557,6,51.02468061757632,49.06443861963386,0.880726776584263,0.11007656953722583,0.3643662937192356,APB
70.39972221803012,7,44.363630458451,32.738763345937556,0.9892081901183782,0.1504527351283001,0.2865516457833951,APB
91.32737889247332,6,63.49742800841008,49.511709513826375,1.0327353278137765,0.15789748523546515,0.32361983400496097,APB
67.54362446970805,8,54.62156112472306,42.044336801630294,1.2948592507669499,0.18682264295173834,0.24733977360778764,PVC
85.79486058676221,7,73.98759505684754,36.15309069859313,1.2240781992976812,0.11239299719446694,0.29250198119187537,PVC
137.21835352633641,7,102.16529301808892,70.82808914701181,0.979088601713973,0.18359465709483402,0.3226397606602557,AFib
98.32755351660393,6,50.842457837281586,49.03820259579766,0.8125727657868473,0.08854631887290525,0.306790359475436,APB
76.99804362619726,7,37.961684728183364,33.08120133666749,0.9187881021516884,0.18939442963643216,0.3274275809805295,Normal
79.13291969162978,5,45.12083481803267,55.411749084668486,1.1008258542297689,0.19341847393399403,0.3321762290411375,PVC
61.52726822056483,6,67.84876801002476,38.83493922145912,1.3263380381674843,0.15927109483115226,0.560270095523546,PVC
61.7232369242613,8,96.65530969260396,15.196864506273412,0.9390930804432004,0.08149445453094176,0.3838254865311454,Other
62.9937170383558,6,21.218309229618527,73.34101899428214,1.1100899129861088,0.09589471338559014,0.35664466109208354,Other
92.90332620751742,6,42.45455864408147,54.93573949070044,0.9734970349971361,0.1355655035317891,0.44434908941657447,APB
116.43347648450508,7,93.36713508078921,79.36351200188284,0.7602472829614542,0.05284894827648781,0.5855870408033776,AFib
61.54737044606594,5,57.65496573329945,44.19799847135712,1.3088249682729058,0.18593471296809266,0.5265457222079424,PVC
64.75208320762755,8,66.85161085432088,45.7679006225076,1.1201160247732733,0.09434773190786083,0.4599601428813324,Other
84.76265250084506,6,44.54090867481664,29.60999628317838,0.9111234308395867,0.19846482602714371,0.21695515365541607,APB
92.72249042411116,5,79.62606770425597,41.96122762186069,1.3627353387807934,0.1476371005786259,0.5309252911103399,PVC
80.8944729210435,8,54.4103594910559,32.7451799155396,0.9667929739193619,0.0645864388448637,0.3768142550919701,Normal
71.41005550582719,8,34.43426030091817,37.123360967088985,1.0313523916881675,0.0645886992181461,0.3991107631301367,Normal
114.18565089143593,8,146.49505268854,104.31167475166123,0.9328557391343224,0.060663185094517943,0.33696262624040924,AFib
71.22888549962748,6,52.463647726203995,25.94518106347597,0.9343706198095286,0.09567026110659793,0.5356756489034609,Normal
58.3684505885273,7,78.95573295895478,59.522167062419,1.4367262957620341,0.12152020458932904,0.44875295655774605,PVC
90.96853758210824,5,157.39952397612734,126.28565484581449,0.9242145344674806,0.12149058845648902,0.574917415426339,AFib
130.0480040920438,7,113.12123078201209,101.8092677479001,0.9472186024185976,0.12518972760233743,0.3950609303749688,AFib
91.90702780688137,5,64.00401792354661,53.036811235900544,1.0303868869530413,0.13835202334779179,0.3026530466556117,APB
95.05234827167797,7,60.45306061528842,28.294143416273393,0.7614539662434965,0.11148770618715756,0.5850049177171053,Other
86.31777606125009,8,40.54323724511862,47.70296817734209,0.8197490619490794,0.12023322413272038,0.3344492345461906,APB
98.74179090959603,7,58.12820259808195,35.690527075660626,0.8044369897654405,0.07968082378772785,0.2487516702596531,APB
106.94425843197205,8,156.31665587864575,73.14774707201111,0.7759784375978933,0.11399125080377318,0.3071315756774423,AFib
106.0971653298257,5,35.44628590107333,39.3716657494068,0.7987555048573273,0.07035276574453529,0.2579653981057362,Other
77.2847200325351,8,47.76125793815517,34.30629764477183,0.9446163265281237,0.11706880679264411,0.5385634689884511,Normal
117.56526877907964,7,56.17769706963317,65.02048946913365,1.1655603960458432,0.16932508833334067,0.45442780288288,Other
63.165771020549045,8,50.21058068368102,65.96177198956948,1.1825805644985259,0.17120740104843568,0.5708082275145583,PVC
74.9481455094171,7,64.10638830908742,46.52457176084828,0.9526913974468548,0.11569686936645208,0.34909470057504266,APB
80.92893587781795,5,31.806764148878095,36.66916788614169,1.034127573923632,0.069338944648228,0.32617134036967355,Normal
67.81635143926985,5,51.26560862277405,35.680217789047205,1.046858747429091,0.14182713096058372,0.48944923775954324,APB
96.85459854967134,7,51.03296084496079,25.470283481497418,0.886175544691947,0.12326496319037496,0.5920636149763969,APB
82.77847355150004,6,40.9363387799036,32.526579320868805,0.9752778310388703,0.08913567490715897,0.3983881181493878,Normal
89.44489527561768,7,40.831772616122244,80.90634382996318,1.2476093260505627,0.05129548875755705,0.4515702270929663,Other
80.21213835368677,5,45.127441259866146,43.274921584894805,0.99398961047034,0.07370896004017886,0.4660326496568133,APB
121.30352047752483,7,68.74909098037874,31.329350953731186,0.931838959106094,0.07929762835596933,0.4928687182522303,Other
61.87908009179429,8,37.257051126044544,30.807037029532466,1.0043992547259966,0.19381113845848896,0.24692819215392442,Normal
88.83010422838981,8,62.70023253565199,39.79050562713486,1.0110234279896457,0.1497018085071994,0.5912915724471114,APB
96.67662463954447,6,157.33455898988115,91.16678229421763,0.7880142679800445,0.12348850499582702,0.5827005594996002,AFib
92.70088054863253,8,53.7160017580656,38.19235935528544,0.8026464348965984,0.19430348800335862,0.2870208841120154,APB
61.01399027485481,5,62.33133696676994,49.99324795870497,1.469263608469496,0.19738608330213692,0.5501805296373186,PVC
151.78222589179973,8,97.43681661126428,78.21351507143922,0.9245297539204151,0.08720694945411489,0.3326279216751111,AFib
159.0635624933444,5,103.69013818819164,88.1174966197988,0.8535419680198111,0.07622548448661637,0.5744236082019225,AFib
81.28174707665693,7,58.44200876609633,67.7306179227239,1.453905928919752,0.12345273685468239,0.25267491272578274,PVC
71.81010834900223,8,61.4610776757748,53.16894691307575,0.8796178109807435,0.17882853643454766,0.4421561922008145,APB
67.20186793451447,7,62.31949602438531,69.38557090502485,1.2601794138943694,0.1101319345447978,0.5072778657851118,PVC
128.5757316872032,8,31.517738585132253,50.927620860659694,0.9360304028227364,0.09082188069370001,0.4951095430066678,Other
95.43604955997515,8,64.80215662468241,47.915855264587336,0.9162729460359398,0.06805810912490025,0.4733082785783719,APB
85.66364202424633,6,67.54733705914722,59.779382412791534,1.406884026421639,0.1322384422913132,0.4173410561267078,PVC
92.19047695368417,7,93.20865018975363,136.6881031317526,0.8778373874646905,0.17203155189259922,0.21591331921137794,AFib
76.63935175860779,8,54.805848091460845,38.13933835253724,0.9077114492117997,0.0825305375136561,0.5612598587406286,Normal
90.02769080939692,6,41.710525517911954,35.012857031301024,1.2094930517553857,0.14575443425010162,0.24070810661781794,PVC
87.65684124857424,7,72.30255216639495,36.78525580900645,1.3508642845847434,0.07547292547575721,0.25935157507095025,PVC
77.77147679937178,8,60.48322863695138,69.01170766398829,1.2455379100366553,0.13329411612004394,0.3582534670502905,PVC
83.45856690944625,5,58.06183271576493,36.690638411614685,1.1661838863212375,0.07566330765381755,0.59998264510309,Other
159.53645955829336,7,101.9494632070105,136.1798897657365,0.8505509010211152,0.06366045775582002,0.58028232753519,AFib
70.88054667110534,8,68.17606157604695,44.97099321938059,1.1415952310173683,0.1563576214723317,0.44611057065403886,PVC
150.01479799847303,8,98.91645705271512,90.0769945050167,0.8293495392832932,0.055018569173084765,0.21544910801116135,AFib
78.43583099430963,7,32.10126570433934,40.56016845889226,1.0306842322227274,0.1305384501623586,0.24419084439669791,Normal
110.32323515336576,6,54.537839636940824,71.61534663839674,1.1530555997673742,0.11600949970369599,0.408286397527462,Other
70.24217432500608,8,39.92013167331676,36.377072633691725,0.9868393646691451,0.07442735690255584,0.5007624144027079,APB
108.34776079439698,6,66.18186690886792,42.50311047069957,0.629767561268136,0.11187206868956734,0.5292249030550216,Other
84.39161589742382,7,59.2867699036146,42.24484141113851,1.0529123948715418,0.10032472545138496,0.2590742312826829,Normal
81.50925744564711,8,57.75096487868498,29.994433954143943,0.932991836018292,0.07665748758743865,0.3859688674790649,APB
93.21863733223124,8,63.93263877458749,39.162092975110475,1.2670156803987427,0.1540620534858821,0.5665361319346296,PVC
76.46440511781975,6,51.455680991172585,35.069084401791095,1.0089766365993795,0.14688411695999842,0.375034884505077,Normal
61.661229612635935,7,39.047959034428274,26.552953730991955,0.991228113360096,0.1543438168458286,0.31340753863286663,Normal
66.46866732161577,8,40.77849869237201,48.97278342802683,1.2234111838217603,0.18323975608160653,0.5441242713373677,PVC
155.25538824548244,6,137.46343250512007,95.94647975801698,0.9204320191687868,0.11150772820684673,0.2625667016896455,AFib
83.1418225608702,7,40.34197658767155,54.18800851840642,0.884609354944687,0.18178913562874283,0.4026755375659282,APB
75.22906641722295,7,39.012110494754616,33.73751431988178,1.0861637434595948,0.0900810547793478,0.5509595156696478,Normal
61.28772571826496,8,39.99216103422956,22.49332368086885,0.9951178234169689,0.09472810394945963,0.2603739589244166,Normal
84.11464622714894,6,44.70841128640164,49.40635052252732,0.9743500945914415,0.144442745405989,0.5114337056113125,APB
82.54593267934854,6,41.6981795490209,53.00681193813418,1.3187472715225366,0.06028952521308266,0.2915630398897576,PVC
102.80829155087719,7,105.27237142626623,121.8942131016254,0.8007016761938187,0.09316964139094411,0.2748417369733171,AFib
64.60106633578037,6,35.98788426360343,30.824605157029517,1.0056468178357072,0.16722194003519922,0.5004086595425594,Normal
71.15756245537384,8,30.041500499969974,26.1921255623079,0.9636467018354126,0.11877547505996676,0.3778349151245203,Normal
81.31448534905712,5,54.37812604086609,66.5128608061479,1.493309946020062,0.07904349356037448,0.2448999970349544,PVC
157.36777162149954,8,91.77981381375918,95.39326523111984,0.8482277583964547,0.14418758647942537,0.5098265696806461,AFib
94.7160022227482,7,53.98548970744888,41.16631012963329,0.8286470424189014,0.144785621953464,0.5823649237240818,APB
59.62245254401256,6,48.691158893513254,61.001440222825245,1.1784003017122957,0.0750112370167044,0.2690786744620197,PVC
131.62533770031297,8,154.2913990455691,117.58816222169537,0.9302082585912961,0.14511366213448518,0.43109237656393024,AFib
89.62006481754494,7,45.05910229428664,28.149722179163657,0.898173076720581,0.06845251387647414,0.5273091099159044,APB
73.40630891838597,7,42.992323473038056,28.933671991948863,1.0829941540631238,0.15913204869972947,0.3159653798367822,Normal
98.3518796813598,8,62.43808083484511,29.440121690500938,0.8214214686823557,0.1857414819945235,0.3971894415691598,APB
108.49861479882169,5,76.61277820302216,89.8747532098531,0.6783104362855261,0.16216766969166846,0.42751076731952276,Other
67.61428212452009,8,26.514546845307045,77.90979587999796,0.6420230022059855,0.18941379889724502,0.24285164747254986,Other
68.07559725540915,8,27.832234573172965,67.38338012554144,1.2392058239307668,0.12929472067991188,0.4568420876214436,Other
69.31935747444786,6,57.40567946065319,55.68243539367492,1.3889566074792945,0.09934306398784748,0.2078766570894815,PVC
77.31685765812503,7,37.13678464123526,43.355349948119844,1.0227931911931794,0.13848649645318567,0.49204881180670784,Normal
123.27175237803792,7,89.80420721375908,24.172658095058885,0.7952985337817969,0.08896304715970421,0.20083355150543195,Other
119.17472231656706,5,105.4635399899481,111.42831580057916,0.8293104018419866,0.08235133491980814,0.4001781094552246,AFib
84.98811126260105,6,90.69128676744302,58.33905038377572,0.8837348371424565,0.18550669748193271,0.4260981431132428,Other
83.97475692650171,7,43.84438086758796,39.51322940716139,0.9236548851737867,0.07150299311135697,0.5778675668198335,Normal
69.90801107090698,5,54.41640425761908,23.509598944983672,0.9454724898155004,0.1558565065984412,0.3580932974145347,Normal
144.7494754397091,8,100.53939265192457,103.10014867549253,0.9434131120904837,0.1243962540618813,0.590338565326189,AFib
72.41413865300629,7,71.81826107105259,58.712792459790364,1.4751457497776157,0.06467152422185792,0.5537441452967802,PVC
115.71452800848186,8,124.98712406881154,81.26187552370443,0.887991025522765,0.1748882776733276,0.3465639601211301,AFib
74.8892558790949,7,55.6808686922068,40.03917869333836,1.421929185995889,0.11130160961820282,0.40737292397706776,PVC
81.18331559526344,7,84.04356204244594,69.8367859388725,1.0815180061467307,0.056516784413549175,0.37121109163010096,Other
67.43554879816563,8,45.9642057597798,45.93745684984893,0.8686555275620109,0.16861592749743531,0.27761701967384117,APB
145.2831605498377,8,150.49919103005652,85.4937881745223,0.8958900952742445,0.052306235937463474,0.542294104831902,AFib
52.36590809252063,8,64.34094502923357,87.86481962599098,1.1152718895106069,0.118152811453598,0.49898943139306656,Other
56.63499440376073,8,50.312867772341455,60.908574918623486,1.351325532149565,0.16533791543222326,0.5426269870677205,PVC
127.42856667595728,5,30.790995805296546,54.6822795651784,0.692588049669078,0.1621925930379815,0.5933085275376524,Other
86.72945468548667,8,59.98965428166929,41.93791328922164,0.8227423348238909,0.08687739528692506,0.4842021314520794,APB
79.0230094091449,5,43.70679935476768,54.088704062630484,0.8871583074920733,0.10828838144305035,0.37907131638399294,APB
83.70781290020273,8,47.73658868174029,33.59393897379603,0.925397867735192,0.09125096010510256,0.4002149835212544,APB
102.01485716397265,8,143.56248095726926,71.31312895050368,0.7404393684169193,0.1053834991826113,0.3250468463693387,AFib
120.21320752007992,7,144.07491109624726,68.0206563621912,0.7683140770476894,0.1471328648890029,0.4252095346860664,AFib
111.03418704173347,6,28.930263988500904,25.77607814656538,0.7949572106146797,0.17694574050441697,0.5165134625801948,Other
146.85297801268604,7,144.85570768011644,117.13919798815053,0.8625807668844938,0.06303204351680762,0.38852688028429305,AFib
105.79742167029613,5,127.8336832216402,62.00876305417145,0.9503495295920552,0.050715256664640496,0.32047512334617023,AFib
97.00396103792598,7,59.40745044953186,39.95918058220121,0.9478050713518456,0.17696392459682975,0.22327056095068457,APB
98.19825072701008,6,130.26599860680594,93.16372937955578,0.9546776886287002,0.12338780447141508,0.4827142886118977,AFib
63.07241275357249,6,34.69150046603889,27.604967289985197,0.9150718138166681,0.06614265577243729,0.427287037467938,Normal
77.60868555843054,6,39.057298878675894,47.08782404427627,1.0096271477019063,0.16752616484638033,0.44408522333479494,APB
99.06284628811696,7,58.89296774061162,30.63737403659779,0.9979836390996326,0.06856149926220745,0.42605893544125395,Other
86.89639787553189,8,41.0268561014369,30.89662313164067,1.0783846710031346,0.15558328753105496,0.24009075492492046,Normal
67.00260766404288,8,50.69304795233251,21.458908974514717,1.0461418198254953,0.09086553431989439,0.3516227584309714,Normal
93.72847085324966,6,51.812292893432556,59.68573704727417,1.2462705332503674,0.08458919549880822,0.33760407026034156,PVC
77.3312827295052,8,53.37538299905502,39.88975921358033,0.9689060921508625,0.16038408452116,0.2566025942487601,Normal
93.33117335368424,5,72.97065878812914,56.27096465850478,1.2951058237990827,0.14093928593398122,0.5956352301427414,PVC
109.62191090912448,6,124.98610477609833,71.29028904152068,0.7371966724981934,0.0995529737090026,0.33154129352456313,AFib
121.47248212125236,8,32.671317768111116,15.667961991896815,0.7797296278390894,0.13502384637352413,0.5784643454141727,Other
96.07527610125359,7,43.957695435393475,36.15804339547206,1.0361185411094838,0.12751080722270725,0.5108770913613763,APB
89.93454676413563,6,55.82780770692041,15.335597003379979,1.0567002011496767,0.05669882365391677,0.40138744375172747,Other
86.683437264476,6,36.60311582342719,35.57235080464381,0.9222992114597431,0.09835003070699272,0.32660029818144254,Normal
92.06046659429528,6,88.0781023776435,93.6517613626975,0.9194350747477036,0.09589483858308365,0.3221891920497547,AFib
70.91132312827868,5,47.10590311253639,30.96503783655801,1.0976747676118452,0.0813315134142252,0.2645238071539985,Normal
82.3240066793975,7,40.5863478556017,30.651985683484128,0.9089603032845778,0.1289876389996757,0.5546732883389809,APB
111.3129587166242,6,44.37713398564117,80.44225181471883,0.6437896655906801,0.14820263565111141,0.32487772575008733,Other
92.61625903957668,6,59.905897395051554,50.28804577903846,0.9036610372937219,0.18893988202108764,0.46470543784176416,APB
120.67968629479608,8,87.69242034411906,88.85079949214408,0.9523840199044322,0.1767622505924008,0.2648913563094203,AFib
88.24124455981513,5,66.42144708578161,40.33275692779584,1.498428508404075,0.18006718123904947,0.3177064656518756,PVC
121.58953917463187,7,23.24133889157573,78.2078516509145,0.989989464061132,0.19354484550655288,0.2513132425752798,Other
81.12088620290751,7,64.00213231530458,41.0412452324978,0.8061536320074562,0.09068247963967399,0.23953838075076175,APB
124.44487334084255,7,125.45226801008303,114.3837392180742,0.7800180829648032,0.12123012501544132,0.3622167218454313,AFib
92.66671181559025,5,51.13301193280457,41.50641609994241,1.376603243132614,0.08969743970042005,0.5900378720848185,PVC
73.74416481780129,8,47.729524959710545,41.44306610483886,0.9914446906707715,0.13636267430673088,0.528306848280526,Normal
89.71016842190113,5,36.50690953195422,36.57695507750252,0.9526644753474302,0.16375679807542123,0.3280068603289871,Normal
89.55270832437073,8,60.38994674229763,31.854449670207416,0.98261401685212,0.09221241713215857,0.47626141743647404,APB
89.47188083299739,8,82.1975861552061,54.63296126459723,0.7363952423949663,0.07218740210717603,0.4115656043205005,Other
71.19647867234383,5,36.6859145404494,22.0133000867961,0.9170621846237407,0.06500210913823329,0.30601587934579283,Normal
69.71782373548315,6,60.49018479826263,35.53104098117359,1.000149374091445,0.09015260595393149,0.2374642804756229,APB
69.3170440673278,8,78.63951324221726,52.45158931144254,1.0698789020848163,0.13461042806019025,0.38845641636704753,Other
74.53454897358468,5,61.212701534505705,67.16331253558326,0.801041723489401,0.13388272741628604,0.5418599325515014,Other
89.80728714028595,6,62.48264443018876,50.96778756865436,1.3384737787116974,0.13327908234850544,0.3667735808515206,PVC
75.88895783545583,6,52.74373206325763,74.48010687963702,0.6114122396264152,0.09613915761765507,0.4173806780430058,Other
67.76052200668224,6,55.47114925285533,20.832615663667404,1.091796544372695,0.10350603356038145,0.20653140107348317,Normal
89.22768638454151,7,59.71035004682682,30.22635238432654,0.9325908852093211,0.12354580198231059,0.5957639109137726,Normal
150.21004502132544,5,128.5891857381314,135.3346484660072,0.7786535563882242,0.143992015340583,0.23637037192815216,AFib
88.77308055931289,8,52.61860628668224,55.985347123089824,1.2720723430556218,0.07810413521394842,0.4790913607139837,PVC
90.97950492304273,8,35.69022625537086,29.016633231588237,0.8063025421978376,0.14259872416726696,0.2679714648474235,APB
63.50729635247315,6,59.064569142693045,38.92251583062203,1.2285687701102659,0.11669380401536301,0.5720505448974788,PVC
81.89497757528976,5,96.68744823890785,42.5085164664008,0.8083369257648968,0.10287912974588495,0.2928784185190699,Other
90.67496566847122,7,63.10588476678067,48.21588895567973,0.901408473655816,0.1619746723813556,0.3656884200383566,APB
76.06336115281877,8,61.5178311660761,67.81820828875968,1.2220754810772116,0.18531968222063483,0.3834891554454011,PVC
111.84493648366184,5,127.65352035509561,73.92660088429325,0.8429621021554283,0.11936395854487185,0.3587278767070318,AFib
84.61307963349263,8,37.4748050924328,39.25642100386819,0.8718232204436867,0.09273905792108732,0.5766748283896795,APB
91.93822152816426,7,51.966145781752644,48.59414410091868,1.294508834531726,0.1975780744522425,0.4789321003320206,PVC
68.45190317261847,8,47.592304985589806,21.598881653024527,0.9971255191869246,0.18147578679748866,0.3352635807347383,Normal
111.36947122947345,5,148.83064638732856,124.28035985817175,0.923953257994798,0.05404854371475398,0.32458598375635306,AFib
108.69651217860721,7,29.216184613823142,64.88199480714016,1.0274918763210208,0.16927431960448075,0.3217676557078072,Other
83.6178528362802,6,89.71048172757897,42.24851593730393,1.0861103721123673,0.13129226614817247,0.5099782565769244,Other
73.06401100075115,8,47.8007423655176,43.314692050600954,0.9364072311433714,0.15205553815927927,0.49597849681937595,APB
94.77343438952751,6,56.13813682026942,74.90325440371676,1.0364360042732812,0.05022035092135554,0.3931470915366063,Other
101.22472017663418,5,157.128075181797,96.10015691598736,0.9938993171416199,0.12256603194644668,0.2663414614703351,AFib
103.77310212250957,8,45.932125995693426,66.56317296224688,1.2731599906013278,0.1348338255873446,0.4982132832880297,Other
70.69275760261837,6,48.8487251092637,58.93042565466162,1.1409785127087722,0.09149745953137844,0.40253716772952164,PVC
86.20670481872314,7,44.756766951250334,42.47402730567579,0.9371035795046353,0.09894044489740586,0.32661702395699044,Normal
80.57851097896041,5,60.82711165930214,48.92715151922282,1.4098003819536808,0.19510067030554734,0.5444492032263146,PVC
81.83856874055341,8,42.545682145058386,51.30045676669144,0.8810682188855028,0.19621808911020655,0.3799446135630315,APB
67.55822964738279,5,36.63482746038252,26.3297798430713,0.9262110462430516,0.06732264457081222,0.44739210380509914,Normal
154.71536477481135,5,108.0858988786224,112.17961504613267,0.784092770515169,0.12518544676790205,0.569292734847267,AFib
87.55454474829546,7,45.97994079413542,28.060585940914223,0.9969623612366053,0.18828736988728478,0.28691025201120335,APB
66.92673612338069,7,59.504038002803306,75.95643171052703,1.218018374587478,0.0932195695922094,0.5492980473367004,Other
149.0778039328428,7,123.15406247080091,99.0724399353971,0.866877205475014,0.10864059577283923,0.23806729868679355,AFib
94.08180792221515,8,35.948163284612164,42.05257128598648,0.9522903160889108,0.053485494006329265,0.4124415083874515,APB
103.02649119163715,5,82.99077688229166,106.43210134855715,0.838801931523884,0.10521258533304367,0.4165865022435813,AFib
75.11173699750744,5,64.20924554769596,50.78609881065134,1.028913210246453,0.13548082269722136,0.3178600967818187,APB
103.3821635497909,6,127.83607205432969,127.06291800118522,0.9681602956202372,0.13378745428808478,0.5236798368603253,AFib
75.75959681545727,5,42.64297055406688,51.53448262098756,1.2753023787886815,0.11353814550714568,0.3431031536321355,PVC
63.86581696398961,8,41.78027029641283,43.91014306989872,0.937426178350169,0.13157089251159898,0.3827645686583063,Normal
130.15714580426908,7,103.53210818569443,75.80200051013679,0.8583615761638399,0.16126829526855513,0.26815328502518515,AFib
158.16351175392927,8,115.60013512715258,80.59731824642198,0.9875783339575934,0.15863429083373481,0.3847247149110557,AFib
143.33393207617002,6,122.08856995849918,125.98893389838697,0.837528597463376,0.12406610951201957,0.2947640900898284,AFib
72.78307142314836,7,51.60625878400405,26.63494466626488,0.8478005492543623,0.14932754792662548,0.43239832746929585,APB
84.59815937763558,7,49.34646919537327,38.37917981801082,0.8389464047385169,0.08885283759131665,0.35687195304760616,APB
157.89377181644886,5,158.9667922788919,74.81456010417163,0.9867346160728053,0.05417955861846585,0.5775458309314208,AFib
57.95305126256994,8,59.63865542161898,60.114582507438406,1.3952606182764227,0.16997981533734666,0.3243721521376358,PVC
85.6597972605086,6,44.34348186626602,32.448297010591006,0.8694838393022397,0.15934215442151345,0.4276783888923778,APB
80.28727446832389,5,56.37704289093981,33.591951345702384,0.9565399301891073,0.15655052434613204,0.20315364140337616,Normal
55.19149540964689,7,62.15064294824306,38.98629366839772,1.3888098123734718,0.07644993611967338,0.5766968573062066,PVC
154.43409831860902,6,101.00913744357086,100.27830704943291,0.8221689533073113,0.18910303679023566,0.5155979632214907,AFib
98.3932497130036,7,137.4360965365626,116.50974410781585,0.7347154453639644,0.10034750263230777,0.38353991281831024,AFib
75.65544965250216,6,42.43985819971571,26.613890302615673,1.0548467378868434,0.1352650923302973,0.20751592017454207,Normal
62.86610146213012,6,93.33014634270916,39.34294040150206,0.9479026116181462,0.1152823280684536,0.5061033041804989,Other
138.4969633904126,5,84.09827231857919,131.24841412628035,0.9524684636069979,0.16979281199367421,0.5844681767532782,AFib
115.74227663214462,5,103.4549832458737,85.30335710676839,0.919203719991577,0.17960865376889762,0.43622907745069694,AFib
119.91202018117237,5,73.85265175346784,19.81382867655887,1.0691383465245332,0.18803883688455386,0.2614927957861167,Other
78.52906491227631,7,48.362871681672644,35.42334992186892,1.0887496157029248,0.10392618508606791,0.37481278151973657,Normal
85.01944931629896,6,36.415060404047594,39.280636574147756,0.9024342313886518,0.08443511670379247,0.4027451833949254,Normal
127.8051856550351,5,134.0912065451144,82.25851117337146,0.822074172498093,0.11295239471557968,0.4613965647188135,AFib
69.32519931429948,8,51.55879171023456,28.399438558506382,1.0455542546428838,0.08264942651866078,0.5895274787383933,Normal
111.05127947672077,6,150.95946376303039,96.87065029533696,0.7676245461214686,0.050415643493852295,0.5023233151028115,AFib
83.93659598442378,8,44.02180717353921,47.149742703958296,0.8648353769967564,0.14929230982602973,0.2275111390735375,APB
56.27053517615511,7,36.171633566916334,61.43571193600309,0.6686971276807323,0.11736503038576279,0.3118301005543368,Other
63.71459948548325,6,55.44024687966703,40.18297396812527,1.0138201477229187,0.060375049318270715,0.47897150925782545,Normal
105.26993023693254,8,80.28200278611182,52.01299138318772,0.8495741675284092,0.10701948929990818,0.44887690779616646,Other
70.26614986581728,5,75.42090549795509,40.18135377472167,1.4295960376010783,0.11860830481787167,0.45775885638022723,PVC
79.66473774208296,5,76.01640586160718,41.06176326800057,1.4500798439345273,0.14905078939673339,0.3657755492758777,PVC
87.66902748119566,5,64.28722560520768,68.51209902067473,1.3835531597043365,0.133761503981882,0.48727461043567355,PVC
79.53785550669454,7,55.66697322159541,32.02874938749474,0.9746574877120397,0.0538606663374673,0.5097411797920823,APB
96.29085065641803,7,43.08709430880373,38.915876490824424,1.0145527924878512,0.10761470826626743,0.40382481145775007,Other
61.48291940119862,5,78.53879978980743,45.673746403520276,1.4765757166735773,0.1191204563439786,0.251847619406704,PVC
72.17071925141592,8,59.300115825115995,42.03461963991907,0.8348762984467075,0.19378788655438678,0.3384655490513863,APB
74.9373914344981,6,68.07143051743417,39.8452894477523,1.177596319040079,0.0947368698058269,0.545023699913638,PVC
102.02551828878319,8,50.231618637441514,30.321219179727102,0.9985142232366069,0.1542427531668602,0.5427938227867595,Other
97.06178178962469,6,55.06347628976783,27.174217727465685,0.8013737044522907,0.10440394021909107,0.5106998676187102,APB
73.8507960520552,6,61.763400049003074,36.485599166080036,0.8097815278580704,0.11367647118505547,0.5446550892776639,APB
68.22978591821766,7,55.56538157137329,46.480717626507314,1.0155415667605068,0.11916410004550361,0.5860465299677879,APB
72.54327635244003,6,35.18854062813469,22.680268635713652,1.0634678222923244,0.18234255078786615,0.4933156537266904,Normal
87.6991820366749,5,54.8969210581003,44.20716025735743,1.0839565621556317,0.076215800624141,0.3556538708404743,Normal
80.95739257532438,5,25.662711732217673,50.284151576514105,0.6322959138143311,0.13426253441537972,0.28448248791803865,Other
80.02231139891045,5,33.953935872131765,37.90818010296414,0.9578812185894403,0.1379769402215125,0.20804301847499743,Normal
104.95950316483965,7,140.9786245986066,98.90990352841888,0.9976532520093646,0.18851629002319892,0.20488420786536876,AFib
154.6556301570893,8,100.70005399028393,75.8527599951572,0.7731255379994756,0.16528184565145426,0.3708427233824273,AFib
104.5772602103616,5,63.84419252613684,74.6330958868734,1.2978177182700092,0.16870895581366643,0.3368648330348643,Other
58.649020136364,7,22.31958959853012,42.0262918238899,1.1032014249561652,0.1689005527925584,0.4784993025077238,Other
77.10325330042018,7,74.07234331028972,68.68382758337802,1.1442089176210644,0.1996991001403488,0.5951556677334104,PVC
72.16661352749682,6,24.448037181540716,38.095218950652445,0.6323809342966331,0.08386998678357205,0.48145904331679584,Other
71.01878841176536,8,67.81385872558118,38.24979245737888,1.1666168290915284,0.16566160202227823,0.3125814909177575,PVC
65.37722172269926,5,64.91139032615301,31.615167346473804,0.8781406871142945,0.18921526587067738,0.46080514386744564,APB
149.96663973855175,7,94.57581159384263,70.05315562510339,0.8632213401066678,0.1932482072243798,0.34861376338259153,AFib
116.32121344800522,5,86.80847264908577,67.03103055720575,0.8700618038051635,0.14398028158356943,0.5717599288581032,AFib
92.97141228367653,6,40.99899757723773,50.17087677876613,0.8619818070634163,0.0615227680966237,0.22214252525374556,APB
94.06394244743856,7,93.06337136197942,93.59958496393135,0.9080526915782308,0.05078089690397378,0.5173162610056343,AFib
96.41001969429726,8,23.61412639597143,83.8560892753986,0.9286897714485258,0.11276104003610335,0.4309220000512175,Other
84.58530004719798,7,78.27482276422586,44.72964806784131,1.4173126691028193,0.13703568062951904,0.5099519117389608,PVC
76.10858902291463,7,49.500925519453986,44.49571354404632,1.203223685015363,0.15547835240234967,0.5797119600172569,PVC
68.65709872955087,5,56.23199751224527,22.81068293030778,0.9424868722588082,0.11045390036064331,0.49809318401285163,Normal
93.72514654133352,7,110.32545150257022,69.13210765784883,0.8685438735406887,0.1980637305015044,0.278055464903776,AFib
97.6322626509024,6,25.794611600361286,19.62959841837428,0.8201831545674665,0.05057997263615307,0.5370731612529995,Other
68.99590722015516,5,68.25642310668044,35.860195850743814,1.353594768522363,0.0903063543135274,0.5201022414334093,PVC
60.11581054530783,8,35.35739904172969,35.32166882792481,0.9162739197706611,0.15794302367634325,0.5865559885751573,Normal
80.98437825952513,8,38.92310852565401,40.34494549256193,0.979301148169397,0.13719093089537882,0.5526941447419411,Normal
84.85970743667212,6,57.74900735859576,21.150182772182422,0.9465253985659532,0.17224497190553711,0.5941965710573189,Normal
120.94905244545221,8,80.15697156779058,82.8268819700331,0.944247610011246,0.10272643716773316,0.31759650119161936,AFib
91.1017306933715,6,45.59109171342527,38.0314675366417,0.9438491529152233,0.16295635851035495,0.20237550147322791,APB
80.52272885266078,6,24.5746230388915,61.8135959915806,1.2543319400353532,0.19576266220157595,0.43915009786725234,Other
80.45219835208084,5,38.3202081391573,33.1094952769305,0.9234760588341114,0.05702095320682832,0.5882925771082531,Normal
127.33995576532608,6,140.61977003419304,89.55940508169856,0.8425715015921504,0.08138157366828913,0.3287555849999537,AFib
126.99860077886059,7,61.924068924638966,43.80552969838244,0.7137328523854218,0.13944994156843718,0.2891571387911978,Other
79.78426231690327,6,38.74389343682902,42.40744499713902,1.0243583316823148,0.1866087852264261,0.4014111279129608,APB
159.15983897268688,6,129.13794653013485,85.81303719879773,0.9073932643632384,0.18217515411022583,0.5586045048253285,AFib
151.08213487275245,7,98.08780849819343,104.99214608105522,0.9999793441056448,0.1004525982945389,0.5061835881329637,AFib
66.55783695020172,6,42.43515940972309,30.78642108273845,0.8537956448105394,0.09161270627539975,0.5849119645310392,APB
123.94194676912966,6,57.00742193679095,76.32170393826902,0.6783858647494042,0.16030953337790493,0.44854169483677675,Other
97.61217579888779,5,64.9984691064475,33.096664616931555,0.8754421380414845,0.11865271638944358,0.546337503934299,APB
132.06529509138292,6,105.27921248323555,121.4988695179817,0.7272012304739923,0.15037896927530942,0.441172844191012,AFib
77.43245789016188,5,37.246711201197556,24.22563515322903,1.0719161672839244,0.12059313558771094,0.24633360052035413,Normal
127.39933482458702,6,78.14807066538322,85.50565337779756,1.000077951226721,0.07458902752222092,0.3933425181831337,Other
89.17664458418213,7,37.093648405352546,31.594131935694158,0.8373440486641803,0.07963098406491607,0.22393852622034027,APB
79.83352534524299,5,43.20791258488475,21.912169225757136,1.0392926289305002,0.05594232838692766,0.22397771929982932,Normal
52.929533933063766,7,51.054387918618744,60.549025917396186,0.8970548609456359,0.05582009223697219,0.5468642030557804,Other
75.36900449378153,5,47.27885936704286,27.90133786576065,0.964234740475036,0.12273579127985561,0.4732767401010135,APB
136.540023300141,5,101.75651478066806,94.05042811719933,0.7117087414250787,0.1340767850928776,0.43296470578623203,AFib
130.91380956349906,5,87.30670385350201,105.30094834240263,0.7237711077821793,0.10288941727064838,0.29621796762555974,AFib
80.82177178317976,5,53.794263464909925,38.5387621697222,1.2273515746664707,0.1334199769175711,0.3272114523841546,PVC
72.34846540841276,8,44.683759063040945,26.091946882030804,1.0177278000583974,0.08537513361584534,0.44819996011199503,Normal
97.75298528039875,8,44.9578140437806,26.24308395198158,0.9002100385386144,0.14727025370733793,0.5848683101911498,APB
65.62530190165789,8,40.54034826506876,51.93135026456076,1.2024455180080071,0.08491590082716682,0.32425168731652254,PVC
110.7175087066207,6,85.39396068407481,36.16510809850731,0.7786092366842978,0.10907851363899332,0.40312762702486216,Other
88.84710463624495,8,36.951048794136135,43.73297056039203,1.0882755409412999,0.14456719053001868,0.5497151866499788,Normal
141.30271051850607,6,121.4982270527641,69.62057112591089,0.7527029708464856,0.10433882310983256,0.4232552027485331,AFib
105.37436597542225,6,149.41554285770331,86.9569061419057,0.8342921027874635,0.05780447180075637,0.4818294869134478,AFib
121.49743436181869,6,56.866474629921754,28.46485523951565,0.8975454393893912,0.15962945970482817,0.5362934506285084,Other
91.32307477846346,5,139.0796743732094,75.0602551324136,0.779993085816852,0.07259585822482684,0.5497782870249983,AFib
76.31253204181556,7,62.40176475371471,31.030164450427172,1.0108975898183021,0.10494865562461321,0.41166970788506263,APB
76.14966046797792,5,58.775374205806116,61.580758801017495,1.1712803819757074,0.11477639759745593,0.3282991664179784,PVC
87.33034989599363,8,26.26807073994481,25.94529704348436,0.7929260480909435,0.08826624928510754,0.4437717167124807,Other
83.64209291312112,5,75.84372639299787,51.47652122876266,1.2586054330922063,0.0733695056611256,0.2778273047264572,Other
99.7530071830613,5,46.77594110749452,24.935777466345208,1.2890813007598365,0.05929657191112951,0.3115346480801317,Other
88.17609820002576,7,60.53970313646262,32.06701601514924,0.9895458674734695,0.19326890517088458,0.3040986309167043,APB
72.52459124388035,8,33.93867985419768,35.10294510052205,0.9765616118315709,0.1951692007697753,0.4187539606677688,Normal
144.74551675300248,8,126.02453653762319,71.60124715416896,0.9092144397052275,0.08751516646598545,0.5834743582736033,AFib
69.31128770990763,5,48.934710596625266,28.54708386207599,0.8584045362548951,0.1042701858753709,0.3526557281583703,APB
78.45109286082472,8,53.946607908734705,64.70915589615436,1.4219513794216956,0.17709615325006023,0.36578261392227185,PVC
129.4899607258801,7,80.16589555601632,42.56330319447946,1.1197935577117502,0.09694861666651966,0.5536700963427305,Other
79.18866728891226,6,58.456209033865235,39.456904182411094,1.0696690539580014,0.07780228804690743,0.598326117183854,Normal
78.0998475226049,5,74.1094463157577,47.25706831848018,1.207195473001768,0.17319552165471563,0.35186657728267157,PVC
65.38811032678905,6,30.740361851739937,21.681240786581213,1.0358785546997136,0.13048688166630834,0.5586685172161368,Normal
67.51194638560719,6,44.50180605607176,20.999820047517925,1.0279410212150255,0.1066109858883331,0.5237459885956793,Normal
153.92054013195985,7,129.02687761827457,68.40945835702456,0.8624753982125868,0.09710790455104212,0.5312001491707589,AFib
110.46779608797638,6,46.652008130733165,81.16459346269417,0.6921938937163307,0.12030710008649378,0.4367992370351408,Other
59.66234449718394,7,54.305561393928755,35.16291928930142,1.2699415684806759,0.11025322775059831,0.23431784020793406,PVC
70.58194029382275,7,50.550707458018486,68.06190014477434,1.1542193732434027,0.18880925379386615,0.46586623461377547,PVC
93.36017670743027,8,63.514581081133514,26.05322112481437,1.0334615903683286,0.10382923681891931,0.5635506204891221,APB
92.11813500064028,7,48.42510319934606,44.82395680904622,0.9911582527397126,0.07377722758705986,0.36381073260730645,APB
95.34407823300461,5,83.22768154546719,100.88824693520434,0.7085504142787217,0.10645121872856096,0.2247116278939208,AFib
85.45221300463612,6,73.51312001975785,72.82262275051838,1.2282560964777312,0.14639145479679508,0.3525841120739358,Other
114.5499450855691,7,37.767441785347664,57.95854359576472,0.8268299008302337,0.12839144703233002,0.4501955220236163,Other
108.81820952852752,7,158.2732297209007,95.80077164977463,0.7934350289658891,0.14115572198907014,0.33689652328184505,AFib
68.68415500815155,5,72.93886876270149,65.31471472136559,1.4843250115290711,0.05668566664814961,0.5653134385468135,PVC
64.87073843738,6,38.725227199702275,24.49488227083854,0.969101131271267,0.12832638035031788,0.5414424169185088,Normal
67.14552388745747,6,52.1789899002425,42.023228209757974,0.850593076233995,0.11874183403756436,0.2192311284949674,APB
116.91157138357548,7,56.21107571973915,24.329044998077013,0.7091443389125526,0.0992998992168167,0.21028209281981913,Other
57.96498071652096,8,73.77881969674937,62.00609823430224,1.317568599921194,0.0608900099821408,0.50666772041115,PVC
58.966495428016245,6,42.02302283124524,55.33132331458184,1.216538220132449,0.1389062366110279,0.22221457415026677,Other
77.86200781667738,8,79.34221672684882,35.05580997115031,1.1581800562795466,0.17076912278117568,0.5076988476131021,PVC
115.48769156036823,6,79.58599639326341,16.595800302025584,0.9986983938785687,0.10419500656586009,0.5969526345845297,Other
85.07813991957093,7,42.1556489151801,86.46146340900484,1.1615685825632274,0.17036729835385425,0.24805069758302706,Other
84.28568876558806,8,75.60446165543229,69.61809530304268,1.3651425914228479,0.16670582703870485,0.3230128156874848,PVC
66.39935932102446,6,45.546021417919896,20.64156795136329,0.941494015088222,0.10612549705013384,0.38543016974592426,Normal
77.73080702611475,6,49.775294155500845,29.93141867920105,1.0998555987844343,0.15821100019399287,0.4550330778123171,Normal
81.76783092631736,5,30.34282375875093,39.264518712569405,0.929389329080075,0.06344045513579082,0.46881912294156575,Normal
98.15580036416344,8,42.92377193562588,39.1728653594955,1.0028448509908716,0.16255147805525305,0.3151335048560292,APB
61.95912621455341,7,53.49703314941439,27.209962433287348,0.9482837240153148,0.08690947774864469,0.4663436470236751,Normal
121.04265092261552,5,71.98326853667446,55.1662599031425,0.6498557227993238,0.0801487375723435,0.4492593169809178,Other
93.3226871197374,8,78.62937111921123,56.70440581988845,1.3469989070669144,0.1830924726852779,0.506027979663256,PVC
94.80452279992213,5,59.49238141142191,29.982312657802538,1.0070973881258964,0.0800256022325853,0.44917068802639565,APB
126.17009265250817,7,89.18100933646683,68.62209088381019,0.8001350214684109,0.15513083285650245,0.39970814260517135,AFib
96.65006130377827,7,48.48107533883231,29.51819584465677,0.9484575245948227,0.0797610121623349,0.4412152557705484,APB
87.7875922229814,7,59.53769866921104,39.69934583012387,1.4402511999195864,0.16099062211743062,0.4818658614433166,PVC
70.45427967100491,7,52.20292576853048,37.01286202857065,1.024476885713201,0.08073855304395527,0.3366792459458928,Normal
69.36590657332773,5,48.852728892588416,38.03035330595446,1.0317006189575828,0.06367046091939603,0.23719146836267205,APB
156.12823302347277,5,133.0765759908806,102.0127783994399,0.8249101667494484,0.12156114453979856,0.2620432372642575,AFib
117.59079862289316,8,128.59252453694864,77.2650692530637,0.9584428608629201,0.08684529684136574,0.5644194032024423,AFib
99.41360194698507,8,78.91486565985102,74.91617150876746,0.6433144379209172,0.11096673686013284,0.26803880487439624,Other
100.25357261843646,8,62.11970923274396,52.52615573721523,1.2558154459425108,0.15709009499171772,0.4310162842887356,Other
100.8814796974343,5,22.588234084235125,23.27099613696667,0.7111377739441184,0.16423444195136483,0.23737818235341912,Other
94.17080960143275,7,65.98625980943342,65.83493212751459,1.3223750755234427,0.16558160924245482,0.5632993516938316,PVC
127.51215947997434,6,114.88878560761745,76.65793687822496,0.8658886952076472,0.13025818356643254,0.2800437379603509,AFib
59.07060569852419,7,89.35333015230258,52.6823822538766,1.263300517761059,0.16538385258424618,0.5888455583696859,Other
75.27292882302552,5,37.45325534622698,44.93473679348247,1.0397404046241243,0.12277394469789733,0.23929527386129915,APB
74.47752725136303,7,51.89482906587803,21.729566469809736,1.075834667537481,0.07647490833335903,0.5756643636349481,Normal
81.68675282815295,6,78.56801677819126,53.60229974159577,1.4208274095582456,0.10307285488589615,0.35130712684205306,PVC
61.89132730620331,6,55.76124551877119,25.50627681593614,1.12285521926229,0.1819465094360222,0.21524635009517895,Other
118.40816420035505,5,68.80008689350635,71.0513177260083,1.1027051101985827,0.19650494389676443,0.48248326895835086,Other
70.13708515239642,5,61.55750887491109,33.73281701435538,0.7684682277132531,0.15339638806731856,0.5124174430898538,Other
55.533685791281655,6,40.57282474956235,51.28288293377067,0.8226744520497618,0.0639686926572284,0.20570941739667387,Other
81.92040535339359,7,72.07263468238779,41.48595218527784,1.2660501019327175,0.11777105271267212,0.5199319723553882,PVC
67.13225478046917,8,45.07168372467784,43.56458999244826,1.0267995395489322,0.19103145340321515,0.5003059447545408,Normal
81.89971687272174,5,35.14889031784322,33.025915155103235,0.9108675976678507,0.0527782691690921,0.5174790813429682,Normal
78.08441992407242,8,58.55199137351485,37.46184872528581,0.9270678437615492,0.11718171393795969,0.5864884540496658,APB
71.19094515828593,7,64.05108690295106,62.0175803593136,1.2652344503615545,0.16848042546636877,0.3269040788999931,PVC
61.781495640173674,6,56.280805437617225,42.96366127975875,0.9240240364326953,0.07630581042728658,0.24635938753035191,Normal
93.74331603321889,7,39.49824168864986,47.62271098746152,0.9797692558887574,0.1376966896681796,0.23650828834271126,APB
74.81873501961671,6,53.34514786350762,41.105874038825604,0.9278145402297225,0.17642823317531858,0.5272133223023354,Normal
72.04009550678242,7,75.70828656995926,38.62524622069303,1.1072385432805902,0.11532973107964004,0.519475699553561,PVC
86.69995622435667,8,73.42584150333903,51.92106493598582,1.452475300563776,0.09073266431371721,0.44301814391631766,PVC
92.44290662411353,5,47.340121494489935,47.4272909094882,0.9021272794744065,0.13258683772024163,0.38173149055545824,APB
111.67862544851653,8,128.67762121390734,121.02290777783914,0.8622476552961531,0.07366273874884813,0.4332959726716695,AFib
65.74997548306942,5,45.190504902735256,37.058305232706175,1.330301138012221,0.05138719913355491,0.5711012317294817,PVC
87.46653335338586,5,42.395614292052876,18.04755299787751,1.0740421316815614,0.11890219412663741,0.4667018171637791,Other
85.29909731625274,8,84.99139087934934,27.627579629236404,1.1581124515405627,0.12755350912548546,0.30228792168317575,Other
148.09421556368426,8,131.73027552544406,121.59376949855127,0.841186959983441,0.05436706967490716,0.24611247309515535,AFib
71.68118964767974,5,57.07278060442164,44.38382427193886,1.152638740146676,0.05378477409317242,0.30862011600259026,PVC
94.28382129724793,7,110.63917618941736,91.16534787777539,0.976070061183322,0.15595269208004875,0.5548794728344913,AFib
93.03705488595878,7,50.55099231161492,33.82949226861206,0.959521149430571,0.18523442296094156,0.22096281470794243,APB
72.2917861689223,7,41.20533042467051,32.89095866628129,1.0778119906379457,0.050772944640353486,0.4776631405476502,Normal
109.50704359171655,5,105.99776850940812,87.24700797660842,0.9089103080819618,0.09879896802108573,0.5104846033880264,AFib
73.10614116822782,8,68.54871036004542,67.03926770981302,1.1586334944604229,0.11174396892626551,0.3221068039589156,PVC
71.32937899705367,6,36.42862282549456,42.8678512095385,1.006320547388638,0.18763092293882305,0.5030937080472019,APB
75.80722347156541,5,44.63028970614623,20.01364912242489,0.985080345071011,0.08123798781822258,0.5729575755841978,Normal
155.35197169367683,8,80.7397685583623,120.1993127204926,0.701871329934013,0.11254508029935478,0.5894075031920398,AFib
66.7177406418114,5,40.36055042090708,43.202032336639775,1.0408828803847066,0.07470412347468691,0.4485913605999054,Normal
80.27067442932801,8,37.34668438260298,25.411431523605245,0.9332095649042491,0.09411149935747493,0.38123769817955133,Normal
81.8263082877225,8,30.728181138661835,30.7528996094185,1.0304249189684278,0.12129871733181237,0.5876823486870741,Normal
75.44887150294747,8,43.33163918875997,36.78764180592399,1.4862066556549893,0.07280408408143543,0.2002656874360818,PVC
100.17335629310466,7,136.8144634222145,93.74668854822727,0.9409045435763228,0.05641757137499506,0.33398181620143896,AFib
116.23883756994678,6,138.32124082691936,80.87392067820815,0.7689548583381044,0.1681047221895238,0.5643933412650025,AFib
126.5433772614948,8,101.01315313480222,110.68747487626396,0.8195818548518093,0.16570438866957857,0.25917329327742367,AFib
75.18936672070166,6,59.99425734350896,24.931486857518443,1.0069816396766402,0.09562603360838699,0.43642615233359605,Normal
87.72404200096116,7,53.62418575537408,40.32164587655477,1.4136234457868617,0.19505701879689846,0.5499369447757355,PVC
83.99822640634848,8,56.421613552216584,40.49667823297588,0.8332689975460417,0.11094087453591783,0.5852375560847709,APB
98.70690313688712,8,81.6556951281861,56.78006203708812,1.0925191964555312,0.09478351173466562,0.33606677357221126,Other
74.74314124584707,7,73.02952754228386,63.644775676362556,1.1321794062149604,0.17518795729568548,0.29518901717385415,PVC
129.62619136442015,5,126.06707273964878,84.10313501141783,0.8856601116816972,0.07664484351134132,0.36518018176960254,AFib
76.57928668717824,6,59.75907852647275,32.318133685338985,0.8829005364167827,0.17015630417386501,0.21481210624200672,APB
95.35321370177867,7,22.242701368716958,52.232996050202985,1.0195891824724548,0.1890318003031567,0.3188228075443135,Other
68.94846977868093,7,47.09894732103795,34.77181903120433,1.0148650497699159,0.14781549050025333,0.37256737417358954,Normal
79.7913525840867,7,44.799056888780235,49.65015803288704,0.9369766748395079,0.17085535070580166,0.4685710184502481,APB
81.60731377647555,7,46.59222359390151,35.95192280427721,1.2270014796746742,0.12299091369221882,0.47702185074525083,PVC
58.34122354221268,8,77.48492082127119,39.130710893465775,1.156363905664824,0.0881432195416016,0.46638056430176644,PVC
83.81277063947535,7,79.16043676003292,66.45888267556361,1.3346868664892937,0.055140056052834424,0.5994106310833417,PVC
73.71176283994102,5,59.39886979026927,30.592658836386818,1.0714249835009135,0.09068781151427963,0.3615170962669338,Normal
118.74050910088205,7,142.34794178214815,101.56909422117013,0.8981746416462424,0.15682781107270444,0.2376420016313604,AFib
60.00646631845372,7,78.56839026464179,62.33098146198083,1.1665298454878557,0.11206523121009153,0.2605944031224771,PVC
75.92623959968303,7,50.02082345668714,56.17650558836653,1.221161923467934,0.07545171733611049,0.2637876369364635,PVC
99.49178192080193,8,157.9122366433923,64.13741298726259,0.9134858012347448,0.06938893208608747,0.4889057511408313,AFib
61.261193309383486,7,49.221881184315414,62.72056432708563,0.9353973834457924,0.19960305216094654,0.2311986548244451,Other
98.91306870114181,5,39.85223583894558,33.171874079822636,0.9773977619928109,0.18069457433030756,0.33861367026324746,APB
57.04212258767694,8,53.25075521170905,46.21142002787911,1.4787228683778089,0.10741463288641573,0.20990762321569947,PVC
70.42042954790676,7,58.515100725266365,46.44797196758577,0.8364869725453783,0.1688832750995669,0.5093328881479547,APB
124.16398918834612,5,58.454695422867985,45.78922430201118,1.2576298804395756,0.09979566359634749,0.5352822278163173,Other
93.82992798893434,8,41.262510607091954,72.4413978524502,1.0602852701405072,0.15019977140336263,0.38077960414780615,Other
76.48561676332963,6,43.69792720987891,64.50223892446199,1.4932810953160471,0.05637344123572373,0.2470183763024254,PVC
83.69823287957634,5,38.54457522119078,25.094798175597663,1.2731682005599625,0.1294640697402092,0.2808709086228766,Other
86.44753997860244,8,69.9209119737308,62.77485788169231,1.2202604634787069,0.1323269492699251,0.38933048017965727,PVC
65.56907832917857,8,58.58374970915834,37.187206909695384,0.9431015354227117,0.15962837101552368,0.30157665703801034,Normal
78.56478504724129,7,34.00384412804803,44.51450331968206,1.0743571469510986,0.18835219726949498,0.41655231750285426,Normal
84.64895511568935,8,56.397380391220295,54.455926510399074,0.9070496644186331,0.051092152091168755,0.21336291704604804,APB
63.60589683639507,6,38.88420592566435,22.9681929738561,0.9635966358787953,0.059622124452317654,0.4769888477480079,Normal
83.22141998095915,5,39.99435456085926,22.027534749699917,0.9814482342827615,0.06987314521369745,0.2213708727147301,Normal
80.41045998045004,6,31.89622855015892,35.18123435028853,0.9955293005752832,0.08576199213860872,0.40580509731950265,Normal
82.95975761420895,7,52.459908595516424,42.592993493648336,0.9166844870884038,0.13767141034336533,0.5847745514188916,Normal
69.8010264530478,5,36.9823238783717,35.361617661921855,0.9066149182951011,0.11431935837473568,0.2272296295898881,Normal
74.35110921119964,5,44.92174096495988,35.986812909968094,0.9737169212259236,0.17331765997913684,0.2759391647611032,Normal
67.5825444092495,6,52.353546444888124,36.913359729882,0.9582213299026769,0.18643740162223416,0.5043767548697824,APB
148.20909017273283,5,110.19138653975912,62.24703935637612,0.8278456825078337,0.09830816410455376,0.594061873247363,AFib
87.69813054472664,5,70.76187977280563,58.72632393664824,1.2279335557532618,0.15072915451486374,0.5371893185604337,PVC
67.63147203352872,5,37.959099736111426,23.18235063550187,1.0051617906153447,0.09750959998301845,0.45068259038364195,Normal
110.71671422833364,6,129.36345830893657,81.8366673878426,0.8498863637202823,0.12656572642019742,0.2917455598757738,AFib
87.69915922676125,8,38.48510556528249,28.49077610415498,1.0200425736262588,0.07217020010980857,0.30276665747466763,Normal
150.71152567722484,7,99.848979878405,100.66986514079038,0.9789322791673013,0.1490778657981111,0.4239058402257464,AFib
81.09652489401647,8,49.04358968801084,43.97855629944937,0.9206596310170277,0.05437853522733699,0.4139667419708336,Normal
67.69055478133329,6,55.67902073465791,53.61118545889251,0.9988132030560468,0.13764372440082417,0.3216802703387477,APB
86.9960022900009,8,31.706317774360663,44.51214158672517,0.9192901721394768,0.13497591604837442,0.3471669951271493,Normal
73.60628048034206,8,51.66166798411044,41.65955814821573,1.0951043010005772,0.0517571126277503,0.34399122579134556,Normal
72.13148519815586,7,38.40414477559625,50.162996841802574,1.005880902008539,0.05795588096851383,0.3704517680665238,Other
132.80675544108902,6,129.00672836154,95.97175190555247,0.7082842134889916,0.059554657775111125,0.37511409954390124,AFib
68.61386272330911,5,50.57296817995591,27.904096578070767,1.0224405339549412,0.11745416454639633,0.3138776265561722,APB
107.51260050224047,5,142.69140190127067,111.85131769514652,0.7052028240419476,0.13503446432000832,0.4533169769513155,AFib
98.35278780963569,8,43.650459016350034,33.74084585877976,1.0295011005097867,0.08050349361043967,0.4280187512371071,APB
56.007611571620245,7,75.94550673633066,53.80095447820476,1.1800759552833826,0.14663347668947302,0.24883424273458687,PVC
82.7672414401214,6,39.91729700329296,35.97676436070802,0.9858350564121662,0.17104269313570009,0.4875262844150167,APB
134.22385803154282,8,111.87453705513519,109.92087761034023,0.8489290096290175,0.17688329703699868,0.545530883722064,AFib
89.61796461615364,7,38.43808561276104,55.13610364349177,0.6461682617900626,0.1781698162810771,0.25638896502516034,Other
85.66475162605923,5,51.37560905739194,53.17287128648617,0.8322890992066395,0.07311757540659797,0.2979960839619802,APB
64.54955363082797,8,77.75310356292593,59.03741786751512,1.2150301531430285,0.06247471577121637,0.5899097690041826,PVC
57.36092981076459,7,72.43926926400613,56.971450065704275,1.4619929278313366,0.13416813911446623,0.534618872247679,PVC
94.37148676681741,8,66.64564822302015,75.12156891010359,0.7062867917031028,0.1582414251876979,0.21396803837648723,Other
65.97182815371006,6,68.07361931777665,36.05674706440491,1.4493277711607615,0.12535899408606516,0.41601918547747674,PVC
71.99436420027992,7,50.14150436010459,28.61795318438769,1.0427533736820034,0.10987417178821597,0.37270405106172766,Normal
81.65812790561137,8,76.18581956962885,66.34607672572591,0.9929913456529924,0.13737103604035655,0.4312441643119289,Other
71.92217760664485,7,47.95963759701936,47.86163627881746,1.382748723768049,0.1891964249897537,0.5467443654637499,PVC
153.19610917112533,5,143.8322487958787,134.76861025629017,0.9509955474661318,0.14097940866137354,0.47905475260618835,AFib
69.02235224958812,6,56.72217579227191,31.10187525996087,0.844025959447374,0.17252377122176565,0.4158146420438523,APB
109.24229915434799,5,139.79551949312608,75.03278842505969,0.7456713815689155,0.17919505344690534,0.3969462162853751,AFib
92.87792895085637,6,51.76192972419467,34.91851213933838,1.0113094990008777,0.0639027788237241,0.3819617090853759,APB
60.26303989464567,5,69.61388786526368,63.73553182935081,1.2492218117220815,0.06481398301858327,0.4994424023318311,PVC
121.89007639343261,8,62.18659078692072,50.022569227358105,0.7710412397866665,0.16997857629827418,0.5454299456573589,Other
60.3019108696828,8,44.27478587571668,37.71925977352622,0.9087950864048181,0.128012212495351,0.21226441933028717,Normal
65.37509536566081,8,70.32774865415296,51.09563225880824,1.3294438987867263,0.19689294799837664,0.5446363855702254,PVC
70.27027129875474,7,52.72092429713126,27.864332375107182,1.0314637833234284,0.12274484677371059,0.5604648682596647,Normal
67.6800405327601,5,38.83420946883697,26.46376536418,1.0850422866450595,0.0853180221533324,0.2789553048888456,Other
71.39780867700361,7,35.43452885210709,39.71363780766296,0.9113696152866481,0.16680430939116553,0.5109630247395012,Normal
74.9229823802562,8,42.89236340889754,35.00522187025548,0.9430792539896564,0.07644224602100222,0.31187151903968807,APB
59.07418460992866,6,45.366945523131506,46.07893923353469,1.2195001243407764,0.16258049801486246,0.5992091151032402,PVC
61.83235611200362,7,57.23198872455119,38.497097945727525,1.079612471442747,0.1293409893546325,0.3217785457389513,Normal
118.41587106246445,7,32.30487635931429,84.42260519141281,0.8282287766327067,0.053554111457100255,0.49165556414490336,Other
128.16408380155065,5,105.34399822055676,72.20342148906806,0.8621810255873236,0.19089566895371685,0.41595624424425615,AFib
76.02817493926975,6,70.48986168414399,41.94759590153471,0.8905021190033776,0.12240048434059415,0.34927838149092205,Other
69.82036960222915,8,54.47208793372506,50.68104990801419,0.8233031185113361,0.15353169222784674,0.5466642299988583,APB
63.21012420581375,8,47.69084169040652,38.63495184868232,1.069630076069397,0.1975139363390963,0.35992067688981033,Normal
88.56428091886262,6,39.000867584277884,24.011691097190024,1.077260933217312,0.18618133915314894,0.2640921865280573,Normal
69.01423839064165,6,53.10042785168601,34.238970740906915,0.9073666462886621,0.06052603517973568,0.4003035011687843,APB
79.1238683211662,5,54.35815685073058,31.984613734729702,1.0829726175666767,0.09393328475405222,0.4860210389860668,Normal
76.47995564171318,5,79.15427924092225,48.86645959983622,1.340777479245245,0.11147861748610083,0.48900003500396877,PVC
65.55696975708551,8,42.03778502410826,43.23228543256785,0.9199229860442543,0.18042327958199483,0.3816649587630207,Normal
98.84519333756283,7,46.62701520270631,45.600700894505835,1.0487254768382408,0.14542843236287667,0.23122994167132171,APB
66.12200953204888,5,61.878002473782544,45.27658869311935,1.4872817564362035,0.05236073595056938,0.33034193680151847,PVC
96.34060757739945,7,49.57775262121846,75.03050290162123,1.2471528753215932,0.08463553666308524,0.5277042063382931,Other
93.07657723067351,6,43.245331826427844,48.670427386633236,0.9731654115709759,0.06151962053406726,0.28574381184723985,APB
75.33956947639368,8,36.729510869242176,22.44611211235085,1.0724383034843368,0.19412519870945005,0.5626221996884715,Normal
60.416396976856205,6,63.63201730841841,21.12534488126151,0.9128017614599072,0.16858000031116055,0.3525782455138874,Other
85.75312118027642,6,53.37275747290203,31.97805632371253,0.9223063748277345,0.11796661494278375,0.5214181179650632,APB
97.74224673549975,5,39.259594262757915,32.78121455580998,0.906865351423314,0.06047214544395424,0.29059651117640867,APB
75.03312760006487,6,51.45945393260969,44.98112248464003,1.2423710204863938,0.13679149701756504,0.4734406001414228,PVC
123.21172905526933,7,152.7793014389016,90.77038528044315,0.7865575008588678,0.1872041449324542,0.4954554845849,AFib
104.81069625753773,6,120.06493585981357,102.08770787204327,0.7639846012116914,0.05792298463999954,0.2000289798553969,AFib
69.83161204671356,5,52.703359282106675,35.90152638617853,0.948004054675942,0.16945872117759977,0.583666641214089,Normal
119.46243163696033,8,35.56213548075671,70.23598195378447,0.7155811778881613,0.14949874991640283,0.3660483459870802,Other
86.00365629777286,8,48.83204268585853,30.035698732637996,0.9833383513817422,0.10222879141197802,0.2845819183129654,Normal
66.82243883919969,6,37.630694453111786,21.45072900809689,0.9868833251116242,0.15445152332231893,0.35110073571699235,Normal
82.00503655283028,8,40.854347317533936,38.5810885560658,1.2168709460670089,0.07096186682974326,0.3322385203036841,PVC
120.25957065958515,6,113.32993719855835,103.40808160961925,0.8565741040655485,0.16441004432188194,0.22689161599648552,AFib
143.99116779211985,5,104.02572598232899,109.34568992892653,0.7923543796242083,0.17362230044310284,0.4663228138036129,AFib
62.89666178097369,5,53.760517159288135,63.271040453808936,0.9152184406301087,0.09752639142604397,0.47042710281223976,Other
86.64909724076449,6,68.6057300810144,54.53179328300419,1.3819792247691038,0.05079650714220017,0.20454205140487702,PVC
67.31496391840093,5,77.81723881566423,45.296330795497305,1.2415616440719144,0.1767616440916812,0.26193628136063063,PVC
159.60623843018567,5,106.7342082215495,72.82441736203464,0.9417492477416467,0.059961312720314394,0.31900751178174647,AFib
93.31806822447777,8,159.65701471138445,115.29031088657061,0.8558759322572072,0.14937302009179007,0.26930598147035784,AFib
111.10593898167377,7,61.802348633403064,79.41009296235332,0.7573178866635815,0.1841246275643843,0.481660604349109,Other
116.3521130115511,6,34.05192925698991,89.6859547112455,1.0600300533236098,0.18320357784005542,0.43294050919569094,Other
62.250706485913696,5,56.05552986498882,56.54590266883757,1.4786228344296006,0.18768149254896704,0.23242151545362463,PVC
73.47413768647749,5,69.04973125224508,51.62050952499031,1.4616203277741127,0.07709909323109515,0.33540579710805707,PVC
96.55623544173514,5,50.25529681072011,43.245771513910725,0.809504558135627,0.05836862187512798,0.5620002959798677,APB
63.880672831160986,8,44.14371958062796,21.702327481052667,1.088770171470164,0.15790835930059605,0.33999713745206755,Normal
71.876313249416,7,79.68822960741026,52.185512174037186,0.6167218416391751,0.17717073213285095,0.5513681015523033,Other
57.50755448094562,5,51.12466051059447,40.925944169026025,1.4860379892871878,0.1708193656107495,0.43444317669645793,PVC
72.12730853817776,5,45.72551581181275,29.127496926500243,0.9381133829880136,0.12772247206867615,0.537110745073937,Normal
88.47484854358592,5,61.72062175741635,54.063737618355155,0.8311151522024853,0.1699595193428014,0.2648683492343434,APB
98.72598055382106,6,53.353500444803814,34.00095614851376,1.0390374585310047,0.15462766008032655,0.4536451219689777,APB
120.72707935524068,7,29.703981777830208,17.217355509465452,0.7510071147967974,0.05115243772924164,0.24170589365737422,Other
81.2710638054987,8,58.63001446178076,28.79840601239227,1.0795085529298811,0.10361369773920696,0.4486661745813031,Normal
70.00522397373825,6,57.72476299862291,41.557963670897564,0.9097380591951058,0.11692032689888031,0.24185115549698966,Normal
156.66873137241467,8,98.289467677718,126.97616216297163,0.8027373632922706,0.1774726443140095,0.5619677205250153,AFib
69.09789331564122,5,24.087181652610433,35.76208427501441,0.7234823836628251,0.09565424652286353,0.4083245559956118,Other
70.13600447201694,5,43.9717043374064,41.67556734005597,1.1636156265456983,0.10317990050986364,0.2414982171860925,Other
85.93036504268093,8,62.70770995347377,69.40496972207863,1.4928991109153378,0.06779232775486489,0.575302454785585,PVC
71.03782741611124,5,43.69559673787966,28.436934544106,1.0940987387191956,0.06452059297675614,0.33735669151636644,Normal
151.62253521650592,6,113.24709616689218,132.59358391626844,0.8488922079184779,0.0943868210987911,0.2326755750372155,AFib
124.83432099635885,6,102.30331333528443,84.19449956413494,0.923092817163181,0.11281827271782355,0.20819463810797378,AFib
69.9969467719137,6,37.6305702605634,52.188139873634526,0.6331025190734026,0.16049359159960375,0.4484919613330699,Other
65.98898390401149,6,38.41424594070715,28.062151873574557,0.9892338312802638,0.14569528171110516,0.44151316153702624,APB
74.82064920496913,8,46.58415139549477,33.209149309000686,0.8526776606444424,0.09935242380853723,0.2450051830797354,APB
96.60284572369174,5,45.98978663901128,32.66675152539679,1.1151308927690669,0.1707932383147755,0.591664402487352,Other
133.30485277491135,6,96.70612998269874,114.59436586940905,0.9305083432292898,0.1338814102146558,0.472781252586929,AFib
68.2447070960279,7,47.766912562855104,42.419028955610244,0.9813466691671497,0.0907479151409219,0.3821776597800108,Normal
131.37643742299306,7,137.09924963870435,101.15527292878605,0.7341841845972487,0.11493484844844466,0.3303017743945693,AFib
57.41517928102385,7,64.59051002465947,68.05414425143447,1.1641039680546381,0.14136408469153153,0.2740465555516922,PVC
74.63864858738668,7,94.52050128940533,53.78546786653389,0.8742002603015,0.07178632081021062,0.30605009484848195,Other
64.14548854045842,5,35.897470850401604,29.2181292665241,1.0641986459695871,0.17569173612482059,0.23843936315758524,Normal
95.16323826036813,7,63.69714667576783,40.948174543259334,0.9623431826573465,0.09253365726539059,0.3144590415986417,APB
102.55706966041959,7,40.085605851094954,54.9649544028499,0.6666623531742286,0.10214776094304909,0.26755334913553436,Other
82.76349500331919,6,71.24771375849562,40.912414055259795,1.2496250500029302,0.15295703450007098,0.31835679055074945,PVC
123.64379061289777,7,22.355222669282256,16.030619480358247,1.011423660803912,0.05235595227692429,0.24122750026976086,Other
98.36609328569388,5,115.157879450787,84.73771702996294,0.8895611296944318,0.15058488844755616,0.3855330125079159,AFib
102.60665891265235,6,89.34567044772557,64.55257181828986,1.1438116179042814,0.08859870482354076,0.4657699910755725,Other
